ID,iri_mean,iri_med,iri_min,iri_max,iri_stdev,speed_mean,speed_med,VPROMMS_ID,length,Social_Cost_1,Isolated_Trips_1,CRIT_SCORE_1,Social_Cost_2,Isolated_Trips_2,CRIT_SCORE_2
0,8.75806451613,8.32,6.07,14.67,2.16492558664,34.1058064516,35.21,Input VPROMMS: 212TH00024 (70.05 pct); 214YD00030 (18.36 pct); transit 10 (10.14 pct); 213YD00005 (0.97 pct); 214YD00032 (0.48 pct); ,8.36339768589,949594164.579,949594.164579,0.648066262857,402480000.0,40248.0,0.658583280153
1,10.5685,10.56,8.03,12.36,1.1019612898,22.825,22.935,214YD00061,1.63610321325,,,,,,
2,,,,,,,,214YD00059,0.544257217114,,,,,,
3,,,,,,,,214YD00059,2.25511844398,,,,,,
4,,,,,,,,214YD00060,2.99310543981,,,,,,
5,,,,,,,,214YD00032,2.63932228641,0.0,0.0,0.0,0.0,0.0,0.0
6,,,,,,,,214YD00057,0.824951138235,,,,,,
7,,,,,,,,214YD00059,0.437329883816,,,,,,
8,7.157,7.86,3.05,9.67,2.13290125833,30.517,31.37,213YD00006,1.06708313708,400048961.866,400048.961866,0.273020038819,122280000.0,12228.0,0.200088360905
9,9.09,6.25,4.3,42.92,9.55721642081,30.7073333333,32.65,212TH00029,1.95209439769,338208907.278,338208.907278,0.230816269498,104940000.0,10494.0,0.171714692455
10,23.994,14.1,8.68,43.77,16.9269763986,34.632,35.71,Input VPROMMS: 214YD00030 (63.08 pct); 212TH00024 (33.85 pct); transit 9_ (1.54 pct); 214YD00032 (1.54 pct); ,1.27154743665,949594164.579,949594.164579,0.648066262857,402480000.0,40248.0,0.658583280153
11,6.88333333333,6.78,6.75,7.12,0.205507501891,22.8466666667,23.41,214YD00009,1.49326136758,681783.898412,0.0,0.000372235769427,1675.38663925,0.0,2.1931656299e-06
12,5.94,6.43,2.83,8.88,1.87331479825,33.1184,34.29,Input VPROMMS: 213YD00006 (55.29 pct); 214YD00002 (44.71 pct); ,2.05987749639,1198301.21326,0.0,0.000654240405444,13149.8416053,0.0,1.72138060384e-05
13,7.035,7.015,6.5,7.61,0.460325971459,21.9375,21.9,214YD00056,1.21169629214,1452940.05829,0.0,0.000793266402725,53672.997892,0.0,7.02606619109e-05
14,7.04892857143,7.62,2.94,10.66,2.16246830726,29.4860714286,28.24,Input VPROMMS: 214YD00004 (60.64 pct); 214YD00008 (36.17 pct); 214YD00036 (3.19 pct); ,1.23092827082,451755.538724,0.0,0.000246646438764,2914.24051729,0.0,3.81488785338e-06
15,5.07,5.07,5.07,5.07,,20.5,20.5,214YD00047,0.427418880668,,,,,,
16,6.10857142857,6.47,3.89,7.74,1.36197685457,32.6042857143,31.87,Input VPROMMS: 214YD00058 (43.24 pct); transit 5_ (36.49 pct); transit fr (13.51 pct); transit 7_ (2.7 pct); 214YD00057 (2.7 pct); transit 4_ (1.35 pct); ,2.13220057407,10746020.5255,0.0,0.005867039729,542961.489538,0.0,0.000710763980872
17,10.7438888889,8.645,5.18,40.65,8.34978769641,31.0433333333,30.33,Input VPROMMS: 212TH00029 (64.79 pct); transit 4_ (32.39 pct); transit 5_ (2.82 pct); ,1.98960886837,5206514.01367,0.0,0.00284261736663,53672.997892,0.0,7.02606619109e-05
18,12.532,12.185,10.92,14.73,1.34355912081,28.813,28.82,Input VPROMMS: 214YD00031 (45.76 pct); 213YD00005 (45.76 pct); transit 9_ (5.08 pct); 213YD00007 (3.39 pct); ,1.12941321348,2318098.40276,0.0,0.00126561971406,0.0,0.0,0.0
19,9.69,9.69,9.56,9.82,0.183847763109,37.63,37.63,Input VPROMMS: 214YD00030 (50.0 pct); 212TH00024 (28.26 pct); transit 9_ (21.74 pct); ,0.816891359512,6140467.89784,0.0,0.00335253120222,233770.24603,0.0,0.000306017045186
20,8.06125,7.475,5.66,11.01,1.91899852974,26.28375,24.805,Input VPROMMS: 212TH00029 (60.0 pct); 214YD00056 (37.65 pct); 214YD00058 (2.35 pct); ,1.92898989424,482119.888893,0.0,0.000263224561648,0.0,0.0,0.0
21,6.99631578947,7.32,3.43,10.09,1.85621242357,31.6694736842,32.29,Input VPROMMS: 214YD00004 (63.79 pct); 214YD00008 (36.21 pct); ,0.839620944801,451755.538724,0.0,0.000246646438764,2914.24051729,0.0,3.81488785338e-06
22,3.85,3.58,3.53,4.96,0.622454817637,21.764,21.93,214YD00005,0.913149329114,0.0,0.0,0.0,0.0,0.0,0.0
23,8.856875,9.56,4.76,13.45,3.63900117935,23.29875,22.625,Input VPROMMS: 213YD00005 (54.39 pct); 214YD00003 (45.61 pct); ,1.00211526894,2318098.40276,0.0,0.00126561971406,0.0,0.0,0.0
24,,,,,,,,214YD00003,0.163563076921,0.0,0.0,0.0,0.0,0.0,0.0
25,,,,,,,,Input VPROMMS: 213YD00007 (50.0 pct); 212TH00024 (50.0 pct); ,0.0611377386684,8222972.69525,0.0,0.00448952311037,378608.842262,0.0,0.000495618074403
26,3.003,2.935,2.61,3.52,0.291053641486,23.797,24.24,214YD00012,1.37461293692,479580073.798,479580.073798,0.32729736319,136860000.0,13686.0,0.223945805311
27,,,,,,,,214YD00006,0.0718955785209,,,,,,
28,3.842,3.5,3.31,5.2,0.774674125036,28.208,27.94,214YD00011,0.638653055988,0.0,0.0,0.0,0.0,0.0,0.0
29,10.8533333333,10.61,9.66,12.29,1.33177825982,34.6166666667,33.86,212TH00024,1.09157805082,8222972.69525,0.0,0.00448952311037,378608.842262,0.0,0.000495618074403
30,2.655,2.655,2.6,2.71,0.0777817459305,22.045,22.045,Input VPROMMS: 213YD00005 (63.16 pct); 214YD00001 (36.84 pct); ,0.267963462789,1380407.38206,0.0,0.000753665501902,13149.8416053,0.0,1.72138060384e-05
31,,,,,,,,214YD00007,0.285420674536,,,,,,
32,4.15,4.15,4.15,4.15,,24.95,24.95,214YD00006,0.373649014611,,,,,,
33,,,,,,,,213YD00005,0.056328213486,1380407.38206,0.0,0.000753665501902,13149.8416053,0.0,1.72138060384e-05
34,,,,,,,,213YD00005,0.269853157154,0.0,0.0,0.0,0.0,0.0,0.0
35,15.725,15.725,6.87,24.58,12.5228610948,27.205,27.205,212TH00029,0.264194119805,1053695.45428,0.0,0.00057528952954,2914.24051729,0.0,3.81488785338e-06
36,7.63846153846,7.45,4.97,11.9,1.80977367901,33.8569230769,34.24,212TH00029,2.10348248279,2750759.46892,0.0,0.00150184108162,31321.2965448,0.0,4.10011572592e-05
37,13.095,8.11,5.34,44.01,12.3655829748,30.4892857143,29.365,212TH00030,2.38708725473,812069209.66,812069.20966,0.554210079965,272130000.0,27213.0,0.445289872858
38,5.40666666667,5.49,4.84,5.89,0.529937103186,37.0833333333,38.92,Input VPROMMS: transit fr (66.67 pct); 214YD00059 (19.05 pct); transit 4_ (9.52 pct); 212TH00030 (4.76 pct); ,0.809233788042,12948790.3128,0.0,0.0070696931043,414741.555049,0.0,0.000542917618247
39,3.23769230769,2.17,1.0,7.46,2.37226387601,32.44,33.82,Input VPROMMS: transit fr (43.75 pct); 214YD00062 (39.06 pct); 214YD00045 (17.19 pct); ,3.8055081842,8288693.11298,0.0,0.0045254047003,739632.776842,0.0,0.000968216617535
40,3.105,2.99,2.64,3.8,0.542371336509,26.2025,25.13,214YD00044,0.659556387972,0.0,0.0,0.0,0.0,0.0,0.0
41,8.46375,8.495,7.52,9.68,0.698630036981,28.98125,27.73,213YD00007,1.33621799391,5755075.58815,0.0,0.00314211731116,187631.523493,0.0,0.000245619129799
42,9.47166666667,9.43,7.67,11.58,1.2672713469,32.16,30.725,212TH00024,1.88334736224,6750758.93271,0.0,0.00368573378073,69600.8746338,0.0,9.1111056088e-05
43,,,,,,,,214YD00051,0.492778279508,0.0,0.0,0.0,0.0,0.0,0.0
44,15.3525,8.055,6.55,38.75,15.6144641812,29.885,30.42,212TH00030,0.485694420479,1465273258.31,1465273.25831,1.0,611130000.0,61113.0,1.0
45,14.1891304348,10.33,6.9,48.41,11.5866545148,32.5313043478,35.4,Input VPROMMS: 212TH00030 (73.33 pct); transit ro (18.1 pct); transit 7_ (6.67 pct); 214YD00059 (1.9 pct); ,3.96396173725,0.0,0.0,0.0,0.0,0.0,0.0
46,5.66,5.46,1.89,10.49,3.74405528805,30.51,31.89,Input VPROMMS: 212TH00030 (50.0 pct); 214YD00044 (50.0 pct); ,0.319177329151,812069209.66,812069.20966,0.554210079965,272130000.0,27213.0,0.445289872858
47,7.225,7.35,6.37,7.83,0.651690110405,22.555,22.695,214YD00049,0.329463316717,0.0,0.0,0.0,0.0,0.0,0.0
48,3.27636363636,3.29,1.61,4.88,1.12319430845,31.1863636364,32.46,214YD00044,2.52176716247,971224463.185,971224.463185,0.662828218337,339000000.0,33900.0,0.554710127142
49,,,,,,,,212TH00029,0.537239778969,2750759.46892,0.0,0.00150184108162,31321.2965448,0.0,4.10011572592e-05
50,8.185,8.11,6.99,9.19,0.907672848553,26.9916666667,27.08,214YD00026,0.597667574382,0.0,0.0,0.0,0.0,0.0,0.0
51,8.704,8.885,6.18,10.31,1.37382030201,32.128,32.695,212TH00024,1.32123981277,2137581.37141,0.0,0.00116706224414,8146.83519553,0.0,1.06646182587e-05
52,9.275,9.185,7.07,11.76,1.45684278805,25.1575,25.355,214YD00028,2.14126312243,452645.057114,0.0,0.000247132092009,52993.8655838,0.0,6.9371643459e-05
53,5.82666666667,5.82,4.81,6.85,1.02001633974,36.0433333333,39.75,212TH00029,0.854734557699,2750759.46892,0.0,0.00150184108162,31321.2965448,0.0,4.10011572592e-05
54,4.65,4.59,3.98,5.77,0.541582044672,25.654,24.89,214YD00046,1.89681560962,0.0,0.0,0.0,0.0,0.0,0.0
55,10.64,10.405,8.78,11.99,1.1034879765,21.50375,21.18,214YD00025,1.77524025104,0.0,0.0,0.0,0.0,0.0,0.0
56,7.18,7.18,7.18,7.18,,28.21,28.21,Input VPROMMS: 214YD00034 (50.0 pct); 213YD00012 (50.0 pct); ,0.0500758474088,0.0,0.0,0.0,0.0,0.0,0.0
57,6.77774193548,6.85,4.91,8.61,0.99880832221,30.8316129032,29.67,Input VPROMMS: 213YD00012 (62.83 pct); transit fr (23.01 pct); 214YD00034 (13.27 pct); 214YD00064 (0.88 pct); ,3.03506637683,2733842.87899,0.0,0.00149260507608,412324.742548,0.0,0.000539753888761
58,3.15571428571,1.75,1.0,7.82,2.42546195894,30.5133333333,31.08,Input VPROMMS: 214YD00033 (54.29 pct); 213YD00011 (44.29 pct); 214YD00034 (1.43 pct); ,1.27509494451,4222987.24079,0.0,0.00230563805998,296195.107004,0.0,0.00038773433738
59,4.368,4.25,3.54,5.26,0.621425779961,25.692,25.39,214YD00023,0.522623481804,5755075.58815,0.0,0.00314211731116,187631.523493,0.0,0.000245619129799
60,8.965,8.965,8.52,9.41,0.629325035256,25.045,25.045,213YD00007,0.125828559021,0.0,0.0,0.0,0.0,0.0,0.0
61,4.02,4.09,3.59,4.38,0.399624824054,26.44,26.65,214YD00023,0.335180186786,13697802.6626,0.0,0.00747863380973,339358.786428,0.0,0.000444237771248
62,,,,,,,,212TH00029,0.0248282024769,5755075.58815,0.0,0.00314211731116,187631.523493,0.0,0.000245619129799
63,8.1825,8.085,7.51,9.05,0.719229912244,23.2275,23.29,Input VPROMMS: 214YD00050 (58.49 pct); 214YD00052 (26.42 pct); 214YD00048 (11.32 pct); 214YD00051 (3.77 pct); ,0.799904520066,0.0,0.0,0.0,0.0,0.0,0.0
64,7.98875,7.715,5.86,11.79,1.48343699768,32.81,33.14,Input VPROMMS: 214YD00034 (50.7 pct); 213YD00012 (42.25 pct); 214YD00052 (2.82 pct); return_1 (2.82 pct); 214YD00050 (1.41 pct); ,1.57127770692,0.0,0.0,0.0,0.0,0.0,0.0
65,6.16,6.1,4.9,7.48,1.29104608748,32.0133333333,33.31,212TH00029,0.310938970859,0.0,0.0,0.0,0.0,0.0,0.0
66,,,,,,,,214YD00026,0.122908038336,545044893.241,545044.893241,0.371974913313,150030000.0,15003.0,0.245496048304
67,,,,,,,,214YD00048,0.0364547482068,0.0,0.0,0.0,0.0,0.0,0.0
68,7.58277777778,7.325,6.39,9.74,0.902355124794,34.7461111111,34.955,Input VPROMMS: 212TH00027 (70.69 pct); 212YD00027 (27.59 pct); 214YD00028 (1.72 pct); ,2.06641682263,0.0,0.0,0.0,0.0,0.0,0.0
69,6.63333333333,6.53,6.23,7.14,0.463716867639,21.7566666667,22.43,214YD00048,0.394054830231,0.0,0.0,0.0,0.0,0.0,0.0
70,8.87,8.5,7.27,11.48,1.44016864092,29.1875,26.97,212TH00024,0.991236996503,1941891.14155,0.0,0.00106022061375,69849.4772746,0.0,9.14364894861e-05
71,3.50714285714,1.7,1.34,6.3,2.50646307431,28.3385714286,28.7,Input VPROMMS: 214YD00033 (53.85 pct); 213YD00011 (46.15 pct); ,0.260711785569,1019164.40437,0.0,0.000556436500065,72357.3248185,0.0,9.47193884359e-05
72,3.51625,1.96,1.26,8.39,2.79274538505,33.14625,35.42,Input VPROMMS: 214YD00033 (53.33 pct); 213YD00011 (46.67 pct); ,0.316551649778,806590.798262,0.0,0.000440376997907,19726.1349246,0.0,2.58225057511e-05
73,3.095,3.115,2.71,3.35,0.221246468898,24.2616666667,24.98,214YD00019,0.798133596803,0.0,0.0,0.0,0.0,0.0,0.0
74,2.575,2.575,2.51,2.64,0.0919238815543,22.715,22.715,214YD00017,0.434850622127,0.0,0.0,0.0,0.0,0.0,0.0
75,6.9348,6.88,4.3,9.37,1.20918746823,28.8108,28.32,Input VPROMMS: 212TH00027 (54.55 pct); 212YD00027 (45.45 pct); ,1.5866900557,0.0,0.0,0.0,0.0,0.0,0.0
76,3.376,2.05,1.7,5.66,2.04793310438,27.666,27.75,Input VPROMMS: 214YD00033 (53.33 pct); 213YD00011 (46.67 pct); ,0.252861482067,676507.983244,0.0,0.000369355260887,9829.66328736,0.0,1.28675251254e-05
77,2.595,2.595,2.33,2.86,0.374766594029,24.48,24.48,214YD00022,0.17971801134,447933392.398,447933.392398,0.3056995614,116160000.0,11616.0,0.190074124982
78,3.645,3.645,3.18,4.11,0.657609306503,25.0,25.0,214YD00024,0.268631333135,0.0,0.0,0.0,0.0,0.0,0.0
79,6.06,6.23,4.77,7.01,1.07944430148,20.7775,20.785,214YD00063,0.339712062684,0.0,0.0,0.0,0.0,0.0,0.0
80,6.27166666667,6.225,4.65,8.01,0.857453480131,30.9127777778,30.285,214YD00018,1.4629864115,0.0,0.0,0.0,0.0,0.0,0.0
81,3.955,2.61,1.46,8.06,2.80921875261,27.4866666667,28.0,Input VPROMMS: 214YD00033 (57.14 pct); 213YD00011 (42.86 pct); ,0.251362767065,676507.983244,0.0,0.000369355260887,9829.66328736,0.0,1.28675251254e-05
82,3.25,3.25,3.25,3.25,,23.62,23.62,Input VPROMMS: 214YD00018 (57.89 pct); 214YD00021 (42.11 pct); ,0.393454879842,0.0,0.0,0.0,0.0,0.0,0.0
83,,,,,,,,Input VPROMMS: 214YD00018 (75.0 pct); 214YD00024 (25.0 pct); ,0.0290076495839,0.0,0.0,0.0,0.0,0.0,0.0
84,4.02,4.02,4.02,4.02,,22.79,22.79,214YD00024,0.152480190531,0.0,0.0,0.0,0.0,0.0,0.0
85,6.54,6.43,4.81,8.23,1.30259740519,30.2583333333,31.195,Input VPROMMS: 213YD00012 (51.72 pct); transit fr (34.48 pct); 214YD00096 (10.34 pct); 214YD00064 (3.45 pct); ,0.618859202509,5003794.66882,0.0,0.00273193802749,1568233.04524,0.0,0.00205289616971
86,,,,,,,,214YD00064,0.525753993537,0.0,0.0,0.0,0.0,0.0,0.0
87,7.25529411765,7.675,3.39,11.09,1.93983634938,32.5388235294,34.17,212TH00008,0.842494216482,4072418.56615,0.0,0.00222343159164,235732.93881,0.0,0.000308586309047
88,6.6741025641,6.31,3.41,12.92,2.27804015254,34.3441025641,35.95,212TH00008,0.967194725506,565370862.718,565370.862718,0.38584670778,168840000.0,16884.0,0.276275096952
89,6.565,6.595,5.74,7.16,0.564862815204,32.1883333333,32.15,Input VPROMMS: 214YD00018 (45.83 pct); 214YD00020 (45.83 pct); 214YD00063 (8.33 pct); ,0.309963939739,0.0,0.0,0.0,0.0,0.0,0.0
90,2.9,2.44,2.3,3.96,0.920651942919,31.2333333333,31.34,214YD00044,0.615969740508,971224463.185,971224.463185,0.662828218337,339000000.0,33900.0,0.554710127142
91,3.23,3.15,3.01,3.53,0.269072480941,23.5733333333,23.9,214YD00019,0.439281991914,0.0,0.0,0.0,0.0,0.0,0.0
92,,,,,,,,Input VPROMMS: 214YD00018 (66.67 pct); 214YD00063 (33.33 pct); ,0.0861914033313,0.0,0.0,0.0,0.0,0.0,0.0
93,1.89,1.89,1.89,1.89,,28.3,28.3,Input VPROMMS: 214YD00018 (40.0 pct); 213YD00011 (20.0 pct); 214YD00063 (20.0 pct); 214YD00033 (20.0 pct); ,0.0197822001712,676507.983244,0.0,0.000369355260887,9829.66328736,0.0,1.28675251254e-05
94,4.41142857143,3.7,1.32,8.75,2.63758276783,29.5547619048,28.3,Input VPROMMS: 214YD00033 (61.19 pct); 213YD00011 (37.31 pct); 214YD00038 (1.49 pct); ,1.27686207681,5437436.71866,0.0,0.0029686949859,85679.0076487,0.0,0.000112158143307
95,,,,,,,,214YD00064,1.11494094903,0.0,0.0,0.0,0.0,0.0,0.0
96,,,,,,,,return_1,0.0842733738676,,,,,,
97,,,,,,,,Input VPROMMS: transit fr (33.33 pct); 214YD00096 (33.33 pct); 214YD00062 (33.33 pct); ,0.0230749061187,1416217.75783,0.0,0.000773217009073,1496.60016028,0.0,1.95912510959e-06
98,16.4244444444,11.57,6.8,46.64,11.9054017509,28.9727777778,29.275,212TH00030,2.0847515263,1416217.75783,0.0,0.000773217009073,1496.60016028,0.0,1.95912510959e-06
99,8.45112903226,8.555,4.66,14.22,2.44828953664,31.6758064516,30.65,212TH00008,1.09215864053,10057112.3672,0.0,0.00549091430429,678745.277203,0.0,0.000888511808882
100,7.62,7.62,7.43,7.81,0.268700576851,29.285,29.285,214YD00037,0.304686710978,955715.593637,0.0,0.000521795146791,1009.96058177,0.0,1.32208935156e-06
101,18.29,11.66,6.13,37.08,16.5058565364,34.1433333333,35.4,212TH00030,0.364867797363,0.0,0.0,0.0,0.0,0.0,0.0
102,2.86384615385,2.84,2.05,3.86,0.583131466903,24.1176923077,24.15,214YD00014,1.67528508982,0.0,0.0,0.0,0.0,0.0,0.0
103,7.81,7.81,7.81,7.81,,37.09,37.09,213YD00012,0.00328409608725,955715.593637,0.0,0.000521795146791,1009.96058177,0.0,1.32208935156e-06
104,5.06,5.06,5.06,5.06,,24.51,24.51,Input VPROMMS: 214YD00053 (72.73 pct); 214YD00027 (27.27 pct); ,0.144961733495,0.0,0.0,0.0,0.0,0.0,0.0
105,7.322,7.81,5.25,9.92,1.93294335147,29.662,30.46,Input VPROMMS: 213YD00012 (53.33 pct); 214YD00034 (26.67 pct); 214YD00037 (20.0 pct); ,0.263713715735,0.0,0.0,0.0,0.0,0.0,0.0
106,8.26,7.94,7.51,9.59,0.689256846176,31.2066666667,33.03,214YD00038,1.04023028958,1416217.75783,0.0,0.000773217009073,1496.60016028,0.0,1.95912510959e-06
107,6.51,5.87,4.25,10.63,1.94929946931,30.88,31.585,212TH00008,0.673985389867,565370862.718,565370.862718,0.38584670778,168840000.0,16884.0,0.276275096952
108,6.83,6.8,6.27,7.47,0.471593044902,26.3428571429,25.25,212TH00030,0.752001405122,0.0,0.0,0.0,0.0,0.0,0.0
109,,,,,,,,212YD00027,0.0122523107673,590671523.466,590671.523466,0.403113562685,170700000.0,17070.0,0.279318639242
110,3.17,3.17,2.6,3.74,0.806101730553,28.165,28.165,214YD00015,0.350630503804,0.0,0.0,0.0,0.0,0.0,0.0
111,6.12,6.12,5.7,6.54,0.593969696197,25.345,25.345,Input VPROMMS: 212YD00027 (50.0 pct); 212TH00027 (50.0 pct); ,0.297128413387,471060.011844,0.0,0.000257186164654,13613.3097377,0.0,1.78205092045e-05
112,8.23833333333,7.8,3.92,14.34,2.80736346465,25.8025925926,25.025,Input VPROMMS: 214YD00016 (25.63 pct); 214YD00035 (25.13 pct); 214YD00013 (24.62 pct); 214YD00055 (24.12 pct); 214YD00015 (0.5 pct); ,1.75255840537,0.0,0.0,0.0,0.0,0.0,0.0
113,9.86166666667,8.875,7.56,13.45,2.5095451115,22.75,23.56,Input VPROMMS: 214YD00035 (26.0 pct); 214YD00016 (24.0 pct); 214YD00055 (24.0 pct); 214YD00013 (22.0 pct); 212TH00027 (4.0 pct); ,0.348498338909,0.0,0.0,0.0,0.0,0.0,0.0
114,,,,,,,,,0.00118713918284,5437436.71866,0.0,0.0029686949859,85679.0076487,0.0,0.000112158143307
115,7.96333333333,7.78,7.65,8.46,0.435009578439,30.8766666667,31.1,Input VPROMMS: 214YD00038 (70.0 pct); 214YD00033 (20.0 pct); 213YD00011 (10.0 pct); ,0.286610931977,0.0,0.0,0.0,0.0,0.0,0.0
116,3.625,3.065,1.7,7.32,1.79522346039,27.24,25.515,Input VPROMMS: 214YD00033 (46.0 pct); 213YD00011 (24.0 pct); 212TH00030 (14.0 pct); Default Ro (10.0 pct); transit fr (4.0 pct); 214YD00038 (2.0 pct); ,0.839958101475,32344791.5311,0.0,0.0176593908871,579291.315737,0.0,0.000758321556117
117,,,,,,,,return_1,0.423659706092,0.0,0.0,0.0,0.0,0.0,0.0
118,6.00916666667,5.7,3.31,10.92,2.12541528919,34.2666666667,35.32,212TH00008,0.296794297054,1333748.54881,0.0,0.000728191027167,125962.167558,0.0,0.000164890831814
119,15.985,9.92,7.18,36.92,14.0170788683,34.2475,33.86,Input VPROMMS: 212TH00024 (66.67 pct); 212TH00008 (29.17 pct); 214YD00016 (4.17 pct); ,0.802898442402,174403.26273,0.0,9.52195158088e-05,0.0,0.0,0.0
120,7.06588235294,6.93,3.27,10.44,2.10680166017,31.1023529412,30.1,Input VPROMMS: 212YD00027 (40.0 pct); 212TH00027 (36.67 pct); 213YD00001 (23.33 pct); ,0.986965615574,590671523.466,590671.523466,0.403113562685,170700000.0,17070.0,0.279318639242
121,8.72307692308,8.85,4.18,11.11,1.61118168133,23.5092307692,23.86,Input VPROMMS: 214YD00016 (31.54 pct); 214YD00055 (30.0 pct); 214YD00029 (28.46 pct); 214YD00035 (9.23 pct); 213YD00001 (0.77 pct); ,1.12038088199,226779.627875,0.0,0.000123815610003,0.0,0.0,0.0
122,6.46,6.34,3.96,10.0,1.64701401707,33.937,34.31,212TH00008,0.472329201453,604373.094357,0.0,0.00032997154131,92082.8444077,0.0,0.000120541088682
123,3.45,2.92,2.6,5.36,1.28351081024,29.2225,29.265,Input VPROMMS: return_1 (56.0 pct); Default Ro (44.0 pct); ,0.420977393694,32344791.5311,0.0,0.0176593908871,579291.315737,0.0,0.000758321556117
124,4.59,5.16,2.53,6.76,1.41572517735,27.8526315789,28.43,Input VPROMMS: 212TH00027 (29.76 pct); 213YD00001 (28.57 pct); 212YD00027 (28.57 pct); 212TH00008 (8.33 pct); 214YD00016 (2.38 pct); 214YD00055 (2.38 pct); ,0.91536197088,1945349.05602,0.0,0.00106210854254,75720.4193207,0.0,9.9121848799e-05
125,5.03875,4.985,3.85,6.48,0.759651000695,29.69375,29.07,Input VPROMMS: 214YD00036 (50.0 pct); 214YD00004 (50.0 pct); ,0.46368123624,,,,,,
126,,,,,,,,214YD00043,0.346511986999,0.0,0.0,0.0,0.0,0.0,0.0
127,6.40761904762,6.0,3.69,11.86,2.02778920197,31.0457142857,30.3,212TH00008,0.329882021767,604373.094357,0.0,0.00032997154131,92082.8444077,0.0,0.000120541088682
128,,,,,,,,214YD00035,0.70703530214,0.0,0.0,0.0,0.0,0.0,0.0
129,9.55,9.55,9.55,9.55,,30.58,30.58,Input VPROMMS: 214YD00035 (45.45 pct); 212TH00024 (36.36 pct); 214YD00053 (9.09 pct); 214YD00055 (9.09 pct); ,0.186555843562,245709.020866,0.0,0.000134150552177,0.0,0.0,0.0
130,2.85,2.85,2.85,2.85,,31.3,31.3,Input VPROMMS: 214YD00043 (50.0 pct); Default Ro (33.33 pct); return_1 (16.67 pct); ,0.0660066398995,32344791.5311,0.0,0.0176593908871,579291.315737,0.0,0.000758321556117
131,3.0,3.0,3.0,3.0,,28.55,28.55,Input VPROMMS: Default Ro (44.83 pct); return_1 (44.83 pct); 214YD00042 (10.34 pct); ,0.880154117893,4184006.27054,0.0,0.00228435549304,67809.4475132,0.0,8.87659876141e-05
132,9.375,9.375,9.31,9.44,0.0919238815543,21.54,21.54,214YD00043,0.378701959546,0.0,0.0,0.0,0.0,0.0,0.0
133,8.085,6.945,5.47,12.71,2.4362513393,24.1,22.4,Input VPROMMS: 214YD00054 (54.74 pct); 214YD00053 (25.26 pct); Default Ro (13.68 pct); 214YD00016 (4.21 pct); 214YD00029 (2.11 pct); ,0.778492718163,661563.116681,0.0,0.00036119576355,39356.1027172,0.0,5.1519123875e-05
134,10.5595238095,8.78,5.85,46.12,8.29814285017,31.2476190476,31.31,Input VPROMMS: 212TH00024 (64.29 pct); 214YD00081 (20.54 pct); 214YD00082 (13.39 pct); 214YD00053 (0.89 pct); 214YD00055 (0.89 pct); ,3.23205600989,3984698.56295,0.0,0.00217553881658,249035.898636,0.0,0.00032600055456
135,6.35975609756,6.17,3.79,10.15,1.62674442954,33.2848780488,34.75,212TH00008,0.775992146181,2823871.69336,0.0,0.00154175840027,270385.277218,0.0,0.000353947968148
136,11.81,11.81,11.81,11.81,,20.15,20.15,214YD00041,0.456600792005,0.0,0.0,0.0,0.0,0.0,0.0
137,10.72,10.72,10.72,10.72,,20.74,20.74,214YD00043,0.471590364052,0.0,0.0,0.0,0.0,0.0,0.0
138,6.91017857143,6.46,3.56,14.64,2.60067787742,34.3169642857,34.84,212TH00008,3.53127437733,4995180.83805,0.0,0.00272723510633,577050.699508,0.0,0.00075538847644
139,4.77384615385,4.74,2.53,8.35,1.81843585929,25.9276923077,25.87,Input VPROMMS: 212TH00008 (68.29 pct); 212YD00027 (12.2 pct); 213YD00001 (7.32 pct); Default Ro (7.32 pct); 212TH00027 (4.88 pct); ,0.116555359902,3467445.30441,0.0,0.001893132375,537909.489337,0.0,0.000704150657748
140,7.12375,6.77,6.26,8.81,0.888448688124,26.05,26.115,214YD00042,0.850046876949,0.0,0.0,0.0,0.0,0.0,0.0
141,6.5637254902,6.5,2.76,10.89,2.01402455154,28.927745098,29.1,Input VPROMMS: 212TH00027 (39.68 pct); 212YD00027 (30.16 pct); 213YD00001 (28.31 pct); 212TH00008 (1.59 pct); Default Ro (0.26 pct); ,4.42643436725,5123641.51306,0.0,0.0027973711983,960335.31585,0.0,0.00125712737499
142,,,,,,,,214YD00042,0.144827193201,0.0,0.0,0.0,0.0,0.0,0.0
143,,,,,,,,Input VPROMMS: 214YD00042 (66.67 pct); 214YD00043 (33.33 pct); ,0.0215526897296,0.0,0.0,0.0,0.0,0.0,0.0
144,8.3225,7.79,3.86,13.85,5.22570808599,26.135,27.105,Input VPROMMS: 214YD00043 (65.52 pct); 214YD00041 (24.14 pct); 212TH00008 (10.34 pct); ,0.661928634358,0.0,0.0,0.0,0.0,0.0,0.0
145,,,,,,,,Input VPROMMS: 214YD00042 (66.67 pct); 214YD00041 (33.33 pct); ,0.0424469003442,0.0,0.0,0.0,0.0,0.0,0.0
146,,,,,,,,214YD00042,0.322489446473,0.0,0.0,0.0,0.0,0.0,0.0
147,11.055,10.73,10.35,12.41,0.926120942426,26.8725,27.175,Input VPROMMS: 214YD00041 (60.71 pct); 212TH00008 (35.71 pct); Default Ro (3.57 pct); ,0.593059944504,0.0,0.0,0.0,0.0,0.0,0.0
148,2.6,2.6,2.6,2.6,,33.49,33.49,Input VPROMMS: Default Ro (50.0 pct); return_1 (50.0 pct); ,0.542443439681,4647318.99848,0.0,0.00253731184794,54528.5724775,0.0,7.13806522049e-05
149,6.42307692308,6.02,3.86,9.58,2.19342344527,32.8192307692,36.38,212TH00008,0.262660621155,1042791.61156,0.0,0.000569336323115,34326.0293403,0.0,4.49345040699e-05
150,5.81,5.81,5.81,5.81,,38.85,38.85,212TH00008,0.00522341244724,11148342.7085,0.0,0.00608669687799,430710.606556,0.0,0.000563821912269
151,,,,,,,,214YD00041,0.392794759387,0.0,0.0,0.0,0.0,0.0,0.0
152,8.43142857143,7.82,4.73,15.79,2.83056581926,24.56,23.13,212TH00008,0.380904411432,781390.709192,0.0,0.000426618423429,34325.2842863,0.0,4.49335287566e-05
153,,,,,,,,212TH00008,0.00492174602803,781390.709192,0.0,0.000426618423429,34325.2842863,0.0,4.49335287566e-05
154,9.96285714286,9.46,6.12,14.71,3.12399698189,22.6214285714,23.64,Input VPROMMS: 214YD00041 (58.0 pct); 214YD00040 (38.0 pct); 212TH00008 (4.0 pct); ,1.20729344268,0.0,0.0,0.0,0.0,0.0,0.0
155,,,,,,,,Input VPROMMS: return_1 (69.23 pct); 212TH00008 (30.77 pct); ,0.784007492152,3882174.54345,0.0,0.00211956344466,18525.0240892,0.0,2.42501910745e-05
156,9.11142857143,9.355,7.52,10.86,1.10108238456,33.3642857143,33.645,214YD00040,3.33197670393,0.0,0.0,0.0,0.0,0.0,0.0
157,9.05,9.05,9.05,9.05,,22.62,22.62,Input VPROMMS: return_1 (72.41 pct); 214YD00039 (13.79 pct); 214YD00040 (13.79 pct); ,1.51954009869,13505151.4888,0.0,0.00737345142265,90147.0709188,0.0,0.00011800706353
158,2.60034482759,2.65,1.85,3.48,0.406012691204,28.3806896552,27.28,Input VPROMMS: 213YD00008 (73.84 pct); 214YD00082 (26.16 pct); ,3.07134658492,0.0,0.0,0.0,0.0,0.0,0.0
159,10.365,9.015,7.29,30.77,5.60070590789,33.890625,35.38,Input VPROMMS: 212TH00024 (50.52 pct); 214YD00081 (49.48 pct); ,2.4136449223,5554052.60526,0.0,0.00303236414027,119.125212467,0.0,1.55940912692e-07
160,8.38222222222,8.2,7.25,9.71,0.794068287016,30.28,28.28,214YD00083,2.7624047095,,,,,,
161,,,,,,,,214YD00084,0.229168273602,,,,,,
162,,,,,,,,214YD00040,0.0150406698458,618605003.356,618605.003356,0.422177228614,164010000.0,16401.0,0.268371704875
163,,,,,,,,214YD00040,0.0453876551641,618605003.356,618605.003356,0.422177228614,164010000.0,16401.0,0.268371704875
164,,,,,,,,Input VPROMMS: return_1 (50.0 pct); 214YD00095 (42.19 pct); 212TH00008 (7.81 pct); ,2.16162803403,13980917.9398,0.0,0.00763320717715,29167.8093826,0.0,3.81821339258e-05
165,,,,,,,,214YD00084,0.193442394408,,,,,,
166,7.98220779221,8.46,3.02,13.89,2.891689373,32.7390909091,33.7,212TH00047,3.9812577525,0.0,0.0,0.0,0.0,0.0,0.0
167,5.92166666667,6.475,3.26,8.62,2.17796617666,31.7,32.3,Input VPROMMS: 214YD00095 (30.77 pct); 212TH00027 (26.92 pct); 212YD00027 (26.92 pct); return_1 (15.38 pct); ,0.27659673612,5557288.51733,0.0,0.00303413086169,13632.7258158,0.0,1.78459258303e-05
168,2.2,2.24,1.74,2.62,0.441361529814,29.7366666667,30.79,Input VPROMMS: return_1 (60.0 pct); Default Ro (18.67 pct); 214YD00095 (17.33 pct); 212TH00047 (4.0 pct); ,2.84356927556,6431945.54604,0.0,0.00351167020052,249496.933011,0.0,0.000326604071816
169,5.85857142857,5.285,4.43,9.27,1.50547644972,26.9292857143,27.65,Input VPROMMS: 212TH00027 (36.46 pct); 212YD00027 (32.29 pct); 214YD00094 (31.25 pct); ,1.05848355472,288739.250241,0.0,0.00015764390627,982.665928512,0.0,1.28635927349e-06
170,8.6075,7.9,6.85,11.78,2.28535008259,25.4025,22.82,214YD00065,0.916023690856,,,,,,
171,,,,,,,,Input VPROMMS: 214YD00094 (55.0 pct); 214YD00066 (35.0 pct); 212TH00027 (5.0 pct); 212YD00027 (5.0 pct); ,0.334532607255,0.0,0.0,0.0,0.0,0.0,0.0
172,8.04333333333,8.43,7.12,8.58,0.803139672369,23.5633333333,21.49,214YD00090,0.606658560899,0.0,0.0,0.0,0.0,0.0,0.0
173,6.86666666667,6.83,5.72,8.86,0.964950471146,31.1777777778,31.08,Input VPROMMS: 212TH00027 (63.01 pct); 212YD00027 (23.29 pct); 214YD00066 (10.96 pct); 214YD00097 (2.74 pct); ,2.00715655047,288739.250241,0.0,0.00015764390627,982.665928512,0.0,1.28635927349e-06
174,10.82,10.91,8.89,12.66,1.88661071766,32.4533333333,33.85,Input VPROMMS: 214YD00088 (52.63 pct); 212TH00024 (42.11 pct); 214YD00089 (5.26 pct); ,0.360681448771,5554052.60526,0.0,0.00303236414027,119.125212467,0.0,1.55940912692e-07
175,9.45,9.92,6.7,11.69,1.74014941887,33.72,34.28,Input VPROMMS: 214YD00088 (45.28 pct); 212TH00024 (30.19 pct); 214YD00089 (22.64 pct); return_1 (1.89 pct); ,0.810268104271,16561175.2466,0.0,0.00904195863951,103891.259643,0.0,0.00013599889993
176,,,,,,,,214YD00089,0.057261428184,718041305.871,718041.305871,0.490039179926,195660000.0,19566.0,0.320161013205
177,9.03,9.08,8.91,9.1,0.104403065089,28.3,28.86,214YD00099,0.749732979993,485432168.441,485432.168441,0.331291222089,139260000.0,13926.0,0.227872956654
178,,,,,,,,,0.0046917223285,8753513.36464,0.0,0.00477918412282,152529.4563,0.0,0.000199668753032
179,5.84162162162,6.36,2.14,11.25,2.49278905993,30.7510810811,30.82,Input VPROMMS: 212TH00047 (72.08 pct); 213YD00004 (25.97 pct); Default Ro (1.3 pct); 212TH00027 (0.65 pct); ,1.73478238215,1306044.59873,0.0,0.000713065411559,8874.57904095,0.0,1.16172716652e-05
180,3.785,3.785,2.52,5.05,1.7889801564,37.31,37.31,Input VPROMMS: Default Ro (33.33 pct); 212TH00024 (27.78 pct); return_1 (22.22 pct); 214YD00088 (16.67 pct); ,0.699743318341,3765678.18314,0.0,0.00205595954845,64629.9332888,0.0,8.46038430957e-05
181,,,,,,,,214YD00088,0.943769790225,,,,,,
182,7.12904761905,7.15,3.29,11.22,2.94222008824,34.7985714286,35.71,Input VPROMMS: 212TH00047 (66.67 pct); 213YD00004 (29.33 pct); 214YD00099 (4.0 pct); ,0.984350812341,485432168.441,485432.168441,0.331291222089,139260000.0,13926.0,0.227872956654
183,,,,,,,,Input VPROMMS: 212TH00027 (50.0 pct); 213YD00004 (50.0 pct); ,0.00925295158734,6137724.85557,0.0,0.00335103357452,247034.406883,0.0,0.000323380500886
184,6.3,5.89,5.39,8.03,1.21948076382,26.7225,25.84,212TH00027,0.41178274998,4370507.04027,0.0,0.00238617992404,127803.822216,0.0,0.000167301650668
185,4.51,4.51,3.91,5.11,0.848528137424,31.8,31.8,Input VPROMMS: 212TH00024 (52.0 pct); Default Ro (45.33 pct); 214YD00072 (2.67 pct); ,3.32262785742,3765678.18314,0.0,0.00205595954845,64629.9332888,0.0,8.46038430957e-05
186,,,,,,,,return_1,0.647948674261,0.0,0.0,0.0,0.0,0.0,0.0
187,7.76230769231,7.81,5.49,9.74,1.31459850554,30.6892307692,28.98,212TH00027,1.76050687394,1767727.29395,0.0,0.0009651318122,4148.10496429,0.0,5.43007865991e-06
188,8.1525,8.19,7.47,8.76,0.667751201172,32.3575,32.815,214YD00097,0.533045868314,663409105.493,663409.105493,0.452754530071,181530000.0,18153.0,0.297039909676
189,10.1966666667,9.99,8.28,12.32,2.02791354188,32.3466666667,32.02,Input VPROMMS: 212TH00025 (53.47 pct); 213YD00010 (46.53 pct); ,3.7123074504,0.0,0.0,0.0,0.0,0.0,0.0
190,,,,,,,,214YD00100,0.519470000458,439846135.397,439846.135397,0.300180278936,168960000.0,16896.0,0.276471454519
191,7.795,7.795,7.0,8.59,1.12429978209,28.58,28.58,212TH00025,0.171330868655,0.0,0.0,0.0,0.0,0.0,0.0
192,8.11142857143,8.265,6.82,8.89,0.580713846424,33.8821428571,33.965,212TH00025,2.79462365012,439846135.397,439846.135397,0.300180278936,168960000.0,16896.0,0.276471454519
193,6.075,6.075,5.38,6.77,0.982878425849,29.68,29.68,Input VPROMMS: 214YD00096 (68.75 pct); 214YD00085 (31.25 pct); ,0.383017014015,580116.661247,0.0,0.000316728177741,15351.3988982,0.0,2.00957555979e-05
194,10.3766666667,9.83,8.23,13.07,2.46587374643,34.03,33.99,212TH00027,0.297735002596,824924.244432,0.0,0.000450386569059,17043.4991237,0.0,2.23108001554e-05
195,4.9,4.9,4.61,5.19,0.410121933088,31.845,31.845,Input VPROMMS: 214YD00085 (60.34 pct); 214YD00096 (37.93 pct); 214YD00099 (1.72 pct); ,1.27101600133,538284941.333,538284.941333,0.367361472189,160050000.0,16005.0,0.261891905159
196,11.41,11.41,11.41,11.41,,20.92,20.92,214YD00098,0.527292893406,38313.017657,0.0,2.09178826896e-05,0.0,0.0,0.0
197,3.91,3.91,3.91,3.91,,33.85,33.85,Input VPROMMS: Default Ro (50.0 pct); 212TH00027 (25.0 pct); 212TH00024 (25.0 pct); ,0.0705567724268,4919410.91794,0.0,0.00268586675695,40802.8056218,0.0,5.34129309598e-05
198,,,,,,,,212TH00024,0.348999537857,397487.678651,0.0,0.00021701763894,12324.307554,0.0,1.6133140319e-05
199,7.94,8.55,5.04,10.11,1.82805300191,33.404,35.555,Input VPROMMS: 212TH00027 (50.0 pct); Default Ro (40.63 pct); 214YD00070 (9.38 pct); ,0.721413891569,4050627.31769,0.0,0.00221153415294,13045.4518875,0.0,1.70771546316e-05
200,11.41,11.41,11.41,11.41,,20.92,20.92,212TH00024,0.0441946736148,494629.589974,0.0,0.000270054523779,12324.307554,0.0,1.6133140319e-05
201,,,,,,,,212TH00024,0.687645466714,494629.589974,0.0,0.000270054523779,12324.307554,0.0,1.6133140319e-05
202,11.09,11.09,11.09,11.09,,20.98,20.98,214YD00098,0.496136481085,0.0,0.0,0.0,0.0,0.0,0.0
203,,,,,,,,214YD00087,1.57035827628,0.0,0.0,0.0,0.0,0.0,0.0
204,7.36142857143,7.29,6.28,8.58,0.801756999168,34.0528571429,34.97,214YD00070,0.988333601939,434043.751164,0.0,0.000236976276583,18109.8539163,0.0,2.37067123739e-05
205,6.635,6.635,5.75,7.52,1.2515790027,32.33,32.33,Input VPROMMS: Default Ro (58.33 pct); 212TH00027 (41.67 pct); ,0.271002314159,1282223143.9,1282223.1439,0.875074418118,103802776.114,10380.2776114,0.169853838159
206,3.91,3.91,3.91,3.91,,31.39,31.39,212TH00024,0.689871502875,0.0,0.0,0.0,0.0,0.0,0.0
207,5.33,5.33,4.74,5.92,0.8343860018,23.405,23.405,214YD00072,0.447534656495,494629.589974,0.0,0.000270054523779,12324.307554,0.0,1.6133140319e-05
208,,,,,,,,214YD00086,2.27447118666,,,,,,
209,6.42,6.5,5.12,7.25,0.796460921829,26.884,27.69,Input VPROMMS: 212TH00027 (26.92 pct); Default Ro (26.92 pct); 213YD00010 (23.08 pct); 212TH00025 (23.08 pct); ,0.218698274703,1282223143.9,1282223.1439,0.875074418118,103802776.114,10380.2776114,0.169853838159
210,8.77083333333,7.095,4.0,20.01,4.64622419556,30.5795833333,31.705,Input VPROMMS: 212TH00025 (68.33 pct); 213YD00010 (18.33 pct); 214YD00071 (13.33 pct); ,4.05451136973,1246581.13055,0.0,0.000680599948703,16307.5008159,0.0,2.13473412412e-05
211,8.04259259259,7.75,5.34,10.64,1.35968772601,31.4174074074,31.81,Input VPROMMS: Default Ro (54.92 pct); 212TH00027 (25.41 pct); 214YD00071 (19.67 pct); ,3.95118226927,454419.50373,0.0,0.000248100892391,527.939363247,0.0,6.91099259728e-07
212,6.925,6.99,6.61,7.11,0.22708295107,32.6075,32.77,214YD00070,0.378145532272,0.0,0.0,0.0,0.0,0.0,0.0
213,,,,,,,,,0.000224811466952,494629.589974,0.0,0.000270054523779,12324.307554,0.0,1.6133140319e-05
214,6.10666666667,6.21,4.6,7.74,1.27872853517,29.3916666667,27.775,214YD00072,0.709711215302,638929319.147,638929.319147,0.436047894495,194820000.0,19482.0,0.318786510235
215,,,,,,,,214YD00086,0.562727351522,0.0,0.0,0.0,0.0,0.0,0.0
216,,,,,,,,214YD00087,0.149193763884,587188460.388,587188.460388,0.400736488609,213750000.0,21375.0,0.34976191645
217,,,,,,,,Input VPROMMS: 214YD00087 (66.67 pct); 214YD00086 (33.33 pct); ,0.0390771827452,587188460.388,587188.460388,0.400736488609,213750000.0,21375.0,0.34976191645
218,,,,,,,,214YD00086,0.615303986547,0.0,0.0,0.0,0.0,0.0,0.0
219,9.066,8.83,7.94,10.88,1.0924879862,37.022,38.17,212TH00025,2.48502529769,688435858.445,688435.858445,0.469834452065,382710000.0,38271.0,0.626233370969
220,8.39,8.39,8.39,8.39,,22.02,22.02,Input VPROMMS: 214YD00074 (61.9 pct); 214YD00073 (38.1 pct); ,0.312251451873,0.0,0.0,0.0,0.0,0.0,0.0
221,10.1166666667,9.46,9.14,11.75,1.42352847999,36.77,38.13,212TH00025,1.12090832684,688435858.445,688435.858445,0.469834452065,382710000.0,38271.0,0.626233370969
222,4.57,4.475,4.18,5.15,0.468259187488,29.715,28.84,Default Ro,0.512023039593,0.0,0.0,0.0,0.0,0.0,0.0
223,7.395,7.335,5.56,8.68,0.985693111009,26.9491666667,26.9,Input VPROMMS: 214YD00076 (56.52 pct); 214YD00074 (43.48 pct); ,2.06764922619,0.0,0.0,0.0,0.0,0.0,0.0
224,9.59285714286,9.19,7.24,13.82,2.14477438041,35.4614285714,35.95,212TH00025,1.71122010574,688435858.445,688435.858445,0.469834452065,382710000.0,38271.0,0.626233370969
225,9.878,9.81,8.39,11.85,1.00076415248,23.457,23.29,214YD00069,1.10198197791,,,,,,
226,7.534,7.58,6.53,8.87,1.02407519255,25.302,27.15,214YD00071,0.525795349942,3417290.26439,0.0,0.00186574906489,394960.821196,0.0,0.000517023639744
227,12.7307142857,11.085,4.94,41.14,9.36534320229,31.6971428571,31.595,212TH00025,6.46440965808,940123841.457,940123.841457,0.641603084014,322099887.675,32209.9887675,0.527056252638
228,8.41,8.28,5.56,11.3,1.68964070568,29.92125,29.895,214YD00068,0.993523247381,,,,,,
229,6.753,6.81,4.63,8.96,1.35207700307,24.403,24.905,214YD00079,2.21543874274,1993294.30074,0.0,0.00108828536353,492299.451777,0.0,0.000644444817668
230,8.2775,8.195,7.27,9.32,0.66667083332,32.4625,31.075,212TH00025,1.2773780581,0.0,0.0,0.0,0.0,0.0,0.0
231,8.15,8.23,7.15,9.07,0.962496753241,25.7,25.45,214YD00080,0.358551262988,0.0,0.0,0.0,0.0,0.0,0.0
232,7.065,7.065,5.98,8.15,1.53442171517,22.51,22.51,214YD00078,0.354411808683,0.0,0.0,0.0,0.0,0.0,0.0
233,6.58,6.58,6.54,6.62,0.0565685424949,32.48,32.48,214YD00077,1.19434128759,0.0,0.0,0.0,0.0,0.0,0.0
234,7.94875,8.045,5.71,10.31,1.6438060148,28.41625,29.185,Input VPROMMS: 214YD00091 (61.11 pct); 214YD00080 (19.44 pct); 214YD00092 (16.67 pct); 214YD00077 (2.78 pct); ,1.08171716611,1993294.30074,0.0,0.00108828536353,586183.483009,0.0,0.000767343750768
235,,,,,,,,214YD00080,0.167172832711,1993294.30074,0.0,0.00108828536353,586183.483009,0.0,0.000767343750768
236,9.870625,7.045,5.66,45.96,9.71181306022,31.160625,30.815,212TH00025,3.11530441674,0.0,0.0,0.0,0.0,0.0,0.0
237,5.055,5.055,4.56,5.55,0.700035713375,33.47,33.47,214YD00092,1.00908245005,,,,,,
238,5.74285714286,6.04,4.01,6.79,1.18095602918,24.3385714286,22.92,214YD00093,1.2819778439,,,,,,
239,3.93,4.14,3.3,4.49,0.421860956556,26.2442857143,26.99,214YD00092,2.09427665471,,,,,,
