,ID,iri_mean,iri_med,iri_min,iri_max,iri_stdev,speed_mean,speed_med,VPROMMS_ID,length,ACCESS_SCORE,POV_SCORE,RISK_SCORE,CRIT_SCORE,ROUGHNESS_SCORE,Pov_weight,Risk_weight,Crit_weight,Access_weight,Rough_weight,PCS
0,0,8.75806451613,8.32,6.07,14.67,2.16492558664,34.1058064516,35.21,Input VPROMMS: 212TH00024 (70.05 pct); 214YD00030 (18.36 pct); transit 10 (10.14 pct); 213YD00005 (0.97 pct); 214YD00032 (0.48 pct); ,8.36339768589,0,0.130365570945,0.379071418164,0.65116115516,0.404423897695,0.2,0.2,0.25,0.25,0.1,0.305120076381
1,1,10.5685,10.56,8.03,12.36,1.1019612898,22.825,22.935,214YD00061,1.63610321325,0,0.271344484395,0.87408051345,0.0,0.472145723291,0.2,0.2,0.25,0.25,0.1,0.276299571898
2,2,,,,,,,,214YD00059,0.544257217114,0,0.213135452517,0.933259484323,0.0,,0.2,0.2,0.25,0.25,0.1,0.229278987368
3,3,,,,,,,,214YD00059,2.25511844398,0,0.271344484395,1.0,0.0,,0.2,0.2,0.25,0.25,0.1,0.254268896879
4,4,,,,,,,,214YD00060,2.99310543981,0,0.308992568323,0.909603590198,0.0,,0.2,0.2,0.25,0.25,0.1,0.243719231704
5,5,,,,,,,,214YD00032,2.63932228641,0,0.161382474343,0.383639070784,0.0,,0.2,0.2,0.25,0.25,0.1,0.109004309025
6,6,,,,,,,,214YD00057,0.824951138235,0,0.0875145470341,0.754194823607,0.0,,0.2,0.2,0.25,0.25,0.1,0.168341874128
7,7,,,,,,,,214YD00059,0.437329883816,0,0.271344484395,0.4752980652,0.0,,0.2,0.2,0.25,0.25,0.1,0.149328509919
8,8,7.157,7.86,3.05,9.67,2.13290125833,30.517,31.37,213YD00006,1.06708313708,0,0.226222686751,0.434598002503,0.251558089842,0.310934087804,0.2,0.2,0.25,0.25,0.1,0.226147069092
9,9,9.09,6.25,4.3,42.92,9.55721642081,30.7073333333,32.65,212TH00029,1.95209439769,0,0.271344484395,0.615598736178,0.213424169559,0.633787665265,0.2,0.2,0.25,0.25,0.1,0.294123453031
10,10,23.994,14.1,8.68,43.77,16.9269763986,34.632,35.71,Input VPROMMS: 214YD00030 (63.08 pct); 212TH00024 (33.85 pct); transit 9_ (1.54 pct); 214YD00032 (1.54 pct); ,1.27154743665,0,0.105804721251,0.381607118936,0.65116115516,1.0,0.2,0.2,0.25,0.25,0.1,0.360272656827
11,11,6.88333333333,6.78,6.75,7.12,0.205507501891,22.8466666667,23.41,214YD00009,1.49326136758,0,0.34664065225,0.41171788268,0.00032909489081,0.267076892183,0.2,0.2,0.25,0.25,0.1,0.178461669927
12,12,5.94,6.43,2.83,8.88,1.87331479825,33.1184,34.29,Input VPROMMS: 213YD00006 (55.29 pct); 214YD00002 (44.71 pct); ,2.05987749639,0,0.34664065225,0.39855969487,0.000583330070044,0.248555783857,0.2,0.2,0.25,0.25,0.1,0.174041480327
13,13,7.035,7.015,6.5,7.61,0.460325971459,21.9375,21.9,214YD00056,1.21169629214,0,0.308992568323,0.507178644498,0.000725454566294,0.279403380057,0.2,0.2,0.25,0.25,0.1,0.191355944211
14,14,7.04892857143,7.62,2.94,10.66,2.16246830726,29.4860714286,28.24,Input VPROMMS: 214YD00004 (60.64 pct); 214YD00008 (36.17 pct); 214YD00036 (3.19 pct); ,1.23092827082,0,0.34664065225,0.381607118936,0.000218929648959,0.312665687207,0.2,0.2,0.25,0.25,0.1,0.17697085537
15,15,5.07,5.07,5.07,5.07,,20.5,20.5,214YD00047,0.427418880668,0,0.271344484395,0.750950714938,0.0,0.171046828103,0.2,0.2,0.25,0.25,0.1,0.221563722677
16,16,6.10857142857,6.47,3.89,7.74,1.36197685457,32.6042857143,31.87,Input VPROMMS: 214YD00058 (43.24 pct); transit 5_ (36.49 pct); transit fr (13.51 pct); transit 7_ (2.7 pct); 214YD00057 (2.7 pct); transit 4_ (1.35 pct); ,2.13220057407,0,0.231120386252,0.775704354012,0.00543579754469,0.244191246644,0.2,0.2,0.25,0.25,0.1,0.227143022103
17,17,10.7438888889,8.645,5.18,40.65,8.34978769641,31.0433333333,30.33,Input VPROMMS: 212TH00029 (64.79 pct); transit 4_ (32.39 pct); transit 5_ (2.82 pct); ,1.98960886837,0,0.271344484395,0.65278603393,0.00253285119988,0.700290934996,0.2,0.2,0.25,0.25,0.1,0.255488409965
18,18,12.532,12.185,10.92,14.73,1.34355912081,28.813,28.82,Input VPROMMS: 214YD00031 (45.76 pct); 213YD00005 (45.76 pct); transit 9_ (5.08 pct); 213YD00007 (3.39 pct); ,1.12941321348,0,0.226222686751,0.381607118936,0.00111619573752,0.576191142141,0.2,0.2,0.25,0.25,0.1,0.179464124286
19,19,9.69,9.69,9.56,9.82,0.183847763109,37.63,37.63,Input VPROMMS: 214YD00030 (50.0 pct); 212TH00024 (28.26 pct); transit 9_ (21.74 pct); ,0.816891359512,0,0.0991629845542,0.381607118936,0.0030692818897,0.420248071689,0.2,0.2,0.25,0.25,0.1,0.138946148339
20,20,8.06125,7.475,5.66,11.01,1.91899852974,26.28375,24.805,Input VPROMMS: 212TH00029 (60.0 pct); 214YD00056 (37.65 pct); 214YD00058 (2.35 pct); ,1.92898989424,0,0.308992568323,0.492392047952,0.00023214724807,0.331826812397,0.2,0.2,0.25,0.25,0.1,0.193517641307
21,21,6.99631578947,7.32,3.43,10.09,1.85621242357,31.6694736842,32.29,Input VPROMMS: 214YD00004 (63.79 pct); 214YD00008 (36.21 pct); ,0.839620944801,0,0.34664065225,0.381607118936,0.000218929648959,0.299204555813,0.2,0.2,0.25,0.25,0.1,0.175624742231
22,22,3.85,3.58,3.53,4.96,0.622454817637,21.764,21.93,214YD00005,0.913149329114,0,0.34664065225,0.381607118936,0.0,0.10693116172,0.2,0.2,0.25,0.25,0.1,0.156342670409
23,23,8.856875,9.56,4.76,13.45,3.63900117935,23.29875,22.625,Input VPROMMS: 213YD00005 (54.39 pct); 214YD00003 (45.61 pct); ,1.00211526894,0,0.34664065225,0.382425562372,0.00111619573752,0.424803269254,0.2,0.2,0.25,0.25,0.1,0.188572618784
24,24,,,,,,,,214YD00003,0.163563076921,0,0.34664065225,0.381607118936,0.0,,0.2,0.2,0.25,0.25,0.1,0.145649554237
25,25,,,,,,,,Input VPROMMS: 213YD00007 (50.0 pct); 212TH00024 (50.0 pct); ,0.0611377386684,0,0.0925212478574,0.381607118936,0.0041417778627,,0.2,0.2,0.25,0.25,0.1,0.0958611178244
26,26,3.003,2.935,2.61,3.52,0.291053641486,23.797,24.24,214YD00012,1.37461293692,0,0.0991629845542,0.381477733548,0.296883612604,0.061119657476,0.2,0.2,0.25,0.25,0.1,0.176461012519
27,27,,,,,,,,214YD00006,0.0718955785209,0,0.34664065225,0.381607118936,0.0,,0.2,0.2,0.25,0.25,0.1,0.145649554237
28,28,3.842,3.5,3.31,5.2,0.774674125036,28.208,27.94,214YD00011,0.638653055988,0,0.219580950054,0.381607118936,0.0,0.105704788235,0.2,0.2,0.25,0.25,0.1,0.130808092622
29,29,10.8533333333,10.61,9.66,12.29,1.33177825982,34.6166666667,33.86,212TH00024,1.09157805082,0,0.0925212478574,0.379192368629,0.0041417778627,0.483305901295,0.2,0.2,0.25,0.25,0.1,0.143708757892
30,30,2.655,2.655,2.6,2.71,0.0777817459305,22.045,22.045,Input VPROMMS: 213YD00005 (63.16 pct); 214YD00001 (36.84 pct); ,0.267963462789,0,0.34664065225,0.381607118936,0.000671016653648,0.0414438934131,0.2,0.2,0.25,0.25,0.1,0.149961697742
31,31,,,,,,,,214YD00007,0.285420674536,0,0.34664065225,0.381607118936,0.0,,0.2,0.2,0.25,0.25,0.1,0.145649554237
32,32,4.15,4.15,4.15,4.15,,24.95,24.95,214YD00006,0.373649014611,0,0.195714764026,0.381607118936,0.0,0.121561582237,0.2,0.2,0.25,0.25,0.1,0.127620534816
33,33,,,,,,,,213YD00005,0.056328213486,0,0.34664065225,0.381607118936,0.000671016653648,,0.2,0.2,0.25,0.25,0.1,0.145817308401
34,34,,,,,,,,213YD00005,0.269853157154,0,0.34664065225,0.381607118936,0.0,,0.2,0.2,0.25,0.25,0.1,0.145649554237
35,35,15.725,15.725,6.87,24.58,12.5228610948,27.205,27.205,212TH00029,0.264194119805,0,0.34664065225,0.381607118936,0.000508771860655,0.791790828017,0.2,0.2,0.25,0.25,0.1,0.224955830004
36,36,7.63846153846,7.45,4.97,11.9,1.80977367901,33.8569230769,34.24,212TH00029,2.10348248279,0,0.195714764026,0.4290564427,0.00133960952139,0.334608805891,0.2,0.2,0.25,0.25,0.1,0.158750024315
37,37,13.095,8.11,5.34,44.01,12.3655829748,30.4892857143,29.365,212TH00030,2.38708725473,0,0.161812390272,0.581786608438,0.522157616695,0.732677474531,0.2,0.2,0.25,0.25,0.1,0.352526951369
38,38,5.40666666667,5.49,4.84,5.89,0.529937103186,37.0833333333,38.92,Input VPROMMS: transit fr (66.67 pct); 214YD00059 (19.05 pct); transit 4_ (9.52 pct); 212TH00030 (4.76 pct); ,0.809233788042,0,0.19089628811,0.751124247894,0.00643472136097,0.193996507346,0.2,0.2,0.25,0.25,0.1,0.209412438276
39,39,3.23769230769,2.17,1.0,7.46,2.37226387601,32.44,33.82,Input VPROMMS: transit fr (43.75 pct); 214YD00062 (39.06 pct); 214YD00045 (17.19 pct); ,3.8055081842,0,0.119649225463,0.702223086387,0.00434726104085,0.0714184639548,0.2,0.2,0.25,0.25,0.1,0.172603124026
40,40,3.105,2.99,2.64,3.8,0.542371336509,26.2025,25.13,214YD00044,0.659556387972,0,0.19089628811,0.659226012687,0.0,0.0666168228321,0.2,0.2,0.25,0.25,0.1,0.176686142443
41,41,8.46375,8.495,7.52,9.68,0.698630036981,28.98125,27.73,213YD00007,1.33621799391,0,0.172106396898,0.412574342945,0.00286149386042,0.362607173209,0.2,0.2,0.25,0.25,0.1,0.153912238755
42,42,9.47166666667,9.43,7.67,11.58,1.2672713469,32.16,30.725,212TH00024,1.88334736224,0,0.106359792107,0.377183376934,0.00328409550528,0.419450211747,0.2,0.2,0.25,0.25,0.1,0.139474678859
43,43,,,,,,,,214YD00051,0.492778279508,0,0.0447888758011,0.38276909063,0.0,,0.2,0.2,0.25,0.25,0.1,0.0855115932862
44,44,15.3525,8.055,6.55,38.75,15.6144641812,29.885,30.42,212TH00030,0.485694420479,0,0.19089628811,0.384517975996,1.0,0.692968254139,0.2,0.2,0.25,0.25,0.1,0.434379678235
45,45,14.1891304348,10.33,6.9,48.41,11.5866545148,32.5313043478,35.4,Input VPROMMS: 212TH00030 (73.33 pct); transit ro (18.1 pct); transit 7_ (6.67 pct); 214YD00059 (1.9 pct); ,3.96396173725,0,0.119649225463,0.538109847215,0.0,0.865933337106,0.2,0.2,0.25,0.25,0.1,0.218145148246
46,46,5.66,5.46,1.89,10.49,3.74405528805,30.51,31.89,Input VPROMMS: 212TH00030 (50.0 pct); 214YD00044 (50.0 pct); ,0.319177329151,0,0.19089628811,0.384517975996,0.522157616695,0.22800864916,0.2,0.2,0.25,0.25,0.1,0.268423121911
47,47,7.225,7.35,6.37,7.83,0.651690110405,22.555,22.695,214YD00049,0.329463316717,0,0.0447888758011,0.41563243922,0.0,0.292904246049,0.2,0.2,0.25,0.25,0.1,0.121374687609
48,48,3.27636363636,3.29,1.61,4.88,1.12319430845,31.1863636364,32.46,214YD00044,2.52176716247,0,0.19089628811,0.413184245814,0.631011797502,0.0832985339262,0.2,0.2,0.25,0.25,0.1,0.286898909553
49,49,,,,,,,,212TH00029,0.537239778969,0,0.0447888758011,0.396480469004,0.00133960952139,,0.2,0.2,0.25,0.25,0.1,0.0885887713414
50,50,8.185,8.11,6.99,9.19,0.907672848553,26.9916666667,27.08,214YD00026,0.597667574382,0,0.129309785481,0.377589108305,0.0,0.340560689351,0.2,0.2,0.25,0.25,0.1,0.135435847692
51,51,8.704,8.885,6.18,10.31,1.37382030201,32.128,32.695,212TH00024,1.32123981277,0,0.129309785481,0.377589108305,0.00103319715644,0.376055595598,0.2,0.2,0.25,0.25,0.1,0.139243637606
52,52,9.275,9.185,7.07,11.76,1.45684278805,25.1575,25.355,214YD00028,2.14126312243,0,0.113279064233,0.376434030619,0.000243471980986,0.409194573835,0.2,0.2,0.25,0.25,0.1,0.138922944349
53,53,5.82666666667,5.82,4.81,6.85,1.02001633974,36.0433333333,39.75,212TH00029,0.854734557699,0,0.148240210869,0.385629848653,0.00133960952139,0.217071692646,0.2,0.2,0.25,0.25,0.1,0.128816083549
54,54,4.65,4.59,3.98,5.77,0.541582044672,25.654,24.89,214YD00046,1.89681560962,0,0.19089628811,0.389828186754,0.0,0.154964123197,0.2,0.2,0.25,0.25,0.1,0.131641307292
55,55,10.64,10.405,8.78,11.99,1.1034879765,21.50375,21.18,214YD00025,1.77524025104,0,0.129309785481,0.378131165887,0.0,0.467581785126,0.2,0.2,0.25,0.25,0.1,0.148246368786
56,56,7.18,7.18,7.18,7.18,,28.21,28.21,Input VPROMMS: 214YD00034 (50.0 pct); 213YD00012 (50.0 pct); ,0.0500758474088,0,0.0447888758011,0.570242497361,0.0,0.284540163732,0.2,0.2,0.25,0.25,0.1,0.151460291006
57,57,6.77774193548,6.85,4.91,8.61,0.99880832221,30.8316129032,29.67,Input VPROMMS: 213YD00012 (62.83 pct); transit fr (23.01 pct); 214YD00034 (13.27 pct); 214YD00064 (0.88 pct); ,3.03506637683,0,0.0465955193086,0.534953938741,0.00151492226754,0.274899910364,0.2,0.2,0.25,0.25,0.1,0.144178613213
58,58,3.15571428571,1.75,1.0,7.82,2.42546195894,30.5133333333,31.08,Input VPROMMS: 214YD00033 (54.29 pct); 213YD00011 (44.29 pct); 214YD00034 (1.43 pct); ,1.27509494451,0,0.148240210869,0.443857527865,0.00217604743081,0.0612956220925,0.2,0.2,0.25,0.25,0.1,0.125093121814
59,59,4.368,4.25,3.54,5.26,0.621425779961,25.692,25.39,214YD00023,0.522623481804,0,0.251691545938,0.383931068693,0.00286149386042,0.134621384081,0.2,0.2,0.25,0.25,0.1,0.141302034799
60,60,8.965,8.965,8.52,9.41,0.629325035256,25.045,25.045,213YD00007,0.125828559021,0,0.251691545938,0.386237249166,0.0,0.382945878202,0.2,0.2,0.25,0.25,0.1,0.165880346841
61,61,4.02,4.09,3.59,4.38,0.399624824054,26.44,26.65,214YD00023,0.335180186786,0,0.251691545938,0.383931068693,0.00675908311643,0.118388071904,0.2,0.2,0.25,0.25,0.1,0.140653100896
62,62,,,,,,,,212TH00029,0.0248282024769,0,0.251691545938,0.383931068693,0.00286149386042,,0.2,0.2,0.25,0.25,0.1,0.127839896391
63,63,8.1825,8.085,7.51,9.05,0.719229912244,23.2275,23.29,Input VPROMMS: 214YD00050 (58.49 pct); 214YD00052 (26.42 pct); 214YD00048 (11.32 pct); 214YD00051 (3.77 pct); ,0.799904520066,0,0.0447888758011,0.571442113785,0.0,0.34103133707,0.2,0.2,0.25,0.25,0.1,0.157349331624
64,64,7.98875,7.715,5.86,11.79,1.48343699768,32.81,33.14,Input VPROMMS: 214YD00034 (50.7 pct); 213YD00012 (42.25 pct); 214YD00052 (2.82 pct); return_1 (2.82 pct); 214YD00050 (1.41 pct); ,1.57127770692,0,0.214344567369,0.517505556864,0.0,0.348649106576,0.2,0.2,0.25,0.25,0.1,0.181234935504
65,65,6.16,6.1,4.9,7.48,1.29104608748,32.0133333333,33.31,212TH00029,0.310938970859,0,0.251691545938,0.382562820599,0.0,0.235162494487,0.2,0.2,0.25,0.25,0.1,0.150367122756
66,66,,,,,,,,214YD00026,0.122908038336,0,0.129309785481,0.377589108305,0.334755380935,,0.2,0.2,0.25,0.25,0.1,0.185068623991
67,67,,,,,,,,214YD00048,0.0364547482068,0,0.0447888758011,0.570531160554,0.0,,0.2,0.2,0.25,0.25,0.1,0.123064007271
68,68,7.58277777778,7.325,6.39,9.74,0.902355124794,34.7461111111,34.955,Input VPROMMS: 212TH00027 (70.69 pct); 212YD00027 (27.59 pct); 214YD00028 (1.72 pct); ,2.06641682263,0,0.174469944461,0.379490631595,0.0,0.314676558935,0.2,0.2,0.25,0.25,0.1,0.142259771105
69,69,6.63333333333,6.53,6.23,7.14,0.463716867639,21.7566666667,22.43,214YD00048,0.394054830231,0,0.0447888758011,0.5669448787,0.0,0.255082098892,0.2,0.2,0.25,0.25,0.1,0.147854960789
70,70,8.87,8.5,7.27,11.48,1.44016864092,29.1875,26.97,212TH00024,0.991236996503,0,0.129309785481,0.376434030619,0.000968680320496,0.382972772357,0.2,0.2,0.25,0.25,0.1,0.139688210536
71,71,3.50714285714,1.7,1.34,6.3,2.50646307431,28.3385714286,28.7,Input VPROMMS: 214YD00033 (53.85 pct); 213YD00011 (46.15 pct); ,0.260711785569,0,0.251691545938,0.382562820599,0.000525582477464,0.047049403795,0.2,0.2,0.25,0.25,0.1,0.131687209306
72,72,3.51625,1.96,1.26,8.39,2.79274538505,33.14625,35.42,Input VPROMMS: 214YD00033 (53.33 pct); 213YD00011 (46.67 pct); ,0.316551649778,0,0.251691545938,0.382562820599,0.000397882780802,0.0775425734479,0.2,0.2,0.25,0.25,0.1,0.134704601347
73,73,3.095,3.115,2.71,3.35,0.221246468898,24.2616666667,24.98,214YD00019,0.798133596803,0,0.251691545938,0.381734869919,0.0,0.0661327280355,0.2,0.2,0.25,0.25,0.1,0.133298555975
74,74,2.575,2.575,2.51,2.64,0.0919238815543,22.715,22.715,214YD00017,0.434850622127,0,0.0972483429845,0.380365171415,0.0,0.0371946168659,0.2,0.2,0.25,0.25,0.1,0.0992421645665
75,75,6.9348,6.88,4.3,9.37,1.20918746823,28.8108,28.32,Input VPROMMS: 212TH00027 (54.55 pct); 212YD00027 (45.45 pct); ,1.5866900557,0,0.0972483429845,0.37473865552,0.0,0.281607625031,0.2,0.2,0.25,0.25,0.1,0.122558162204
76,76,3.376,2.05,1.7,5.66,2.04793310438,27.666,27.75,Input VPROMMS: 214YD00033 (53.33 pct); 213YD00011 (46.67 pct); ,0.252861482067,0,0.251691545938,0.381734869919,0.000330480860798,0.0526910291855,0.2,0.2,0.25,0.25,0.1,0.132037006305
77,77,2.595,2.595,2.33,2.86,0.374766594029,24.48,24.48,214YD00022,0.17971801134,0,0.251691545938,0.381194493113,0.271673918664,0.0393461492948,0.2,0.2,0.25,0.25,0.1,0.198430302406
78,78,3.645,3.645,3.18,4.11,0.657609306503,25.0,25.0,214YD00024,0.268631333135,0,0.251691545938,0.381734869919,0.0,0.0968996417699,0.2,0.2,0.25,0.25,0.1,0.136375247348
79,79,6.06,6.23,4.77,7.01,1.07944430148,20.7775,20.785,214YD00063,0.339712062684,0,0.0484021628161,0.501651082334,0.0,0.233064750368,0.2,0.2,0.25,0.25,0.1,0.133317124067
80,80,6.27166666667,6.225,4.65,8.01,0.857453480131,30.9127777778,30.285,214YD00018,1.4629864115,0,0.251691545938,0.394558721778,0.0,0.244154107096,0.2,0.2,0.25,0.25,0.1,0.153665464253
81,81,3.955,2.61,1.46,8.06,2.80921875261,27.4866666667,28.0,Input VPROMMS: 214YD00033 (57.14 pct); 213YD00011 (42.86 pct); ,0.251362767065,0,0.251691545938,0.382275246725,0.000330480860798,0.0984057144701,0.2,0.2,0.25,0.25,0.1,0.136716550195
82,82,3.25,3.25,3.25,3.25,,23.62,23.62,Input VPROMMS: 214YD00018 (57.89 pct); 214YD00021 (42.11 pct); ,0.393454879842,0,0.251691545938,0.382275246725,0.0,0.0731521025851,0.2,0.2,0.25,0.25,0.1,0.134108568791
83,83,,,,,,,,Input VPROMMS: 214YD00018 (75.0 pct); 214YD00024 (25.0 pct); ,0.0290076495839,0,0.251691545938,0.382275246725,0.0,,0.2,0.2,0.25,0.25,0.1,0.126793358533
84,84,4.02,4.02,4.02,4.02,,22.79,22.79,214YD00024,0.152480190531,0,0.251691545938,0.382275246725,0.0,0.114569101843,0.2,0.2,0.25,0.25,0.1,0.138250268717
85,85,6.54,6.43,4.81,8.23,1.30259740519,30.2583333333,31.195,Input VPROMMS: 213YD00012 (51.72 pct); transit fr (34.48 pct); 214YD00096 (10.34 pct); 214YD00064 (3.45 pct); ,0.618859202509,0,0.0484021628161,0.478466403659,0.00316452024321,0.25544068763,0.2,0.2,0.25,0.25,0.1,0.131708912119
86,86,,,,,,,,214YD00064,0.525753993537,0,0.0484021628161,0.406651778045,0.0,,0.2,0.2,0.25,0.25,0.1,0.0910107881722
87,87,7.25529411765,7.675,3.39,11.09,1.93983634938,32.5388235294,34.17,212TH00008,0.842494216482,0,0.129309785481,0.375279032326,0.0020744332254,0.322596975578,0.2,0.2,0.25,0.25,0.1,0.133696069426
88,88,6.6741025641,6.31,3.41,12.92,2.27804015254,34.3441025641,35.95,212TH00008,0.967194725506,0,0.129309785481,0.375279032326,0.353602552864,0.295212316254,0.2,0.2,0.25,0.25,0.1,0.218839633403
89,89,6.565,6.595,5.74,7.16,0.564862815204,32.1883333333,32.15,Input VPROMMS: 214YD00018 (45.83 pct); 214YD00020 (45.83 pct); 214YD00063 (8.33 pct); ,0.309963939739,0,0.251691545938,0.382275246725,0.0,0.254391815571,0.2,0.2,0.25,0.25,0.1,0.15223254009
90,90,2.9,2.44,2.3,3.96,0.920651942919,31.2333333333,31.34,214YD00044,0.615969740508,0,0.19089628811,0.383886712406,0.631011797502,0.0476564433017,0.2,0.2,0.25,0.25,0.1,0.277475193809
91,91,3.23,3.15,3.01,3.53,0.269072480941,23.5733333333,23.9,214YD00019,0.439281991914,0,0.251691545938,0.382275246725,0.0,0.0715384532633,0.2,0.2,0.25,0.25,0.1,0.133947203859
92,92,,,,,,,,Input VPROMMS: 214YD00018 (66.67 pct); 214YD00063 (33.33 pct); ,0.0861914033313,0,0.251691545938,0.382275246725,0.0,,0.2,0.2,0.25,0.25,0.1,0.126793358533
93,93,1.89,1.89,1.89,1.89,,28.3,28.3,Input VPROMMS: 214YD00018 (40.0 pct); 213YD00011 (20.0 pct); 214YD00063 (20.0 pct); 214YD00033 (20.0 pct); ,0.0197822001712,0,0.251691545938,0.382275246725,0.000330480860798,0.0,0.2,0.2,0.25,0.25,0.1,0.126875978748
94,94,4.41142857143,3.7,1.32,8.75,2.63758276783,29.5547619048,28.3,Input VPROMMS: 214YD00033 (61.19 pct); 213YD00011 (37.31 pct); 214YD00038 (1.49 pct); ,1.27686207681,0,0.299122413153,0.382839818571,0.00265945493263,0.142708072396,0.2,0.2,0.25,0.25,0.1,0.151328117318
95,95,,,,,,,,214YD00064,1.11494094903,0,0.197477721592,0.446816824833,0.0,,0.2,0.2,0.25,0.25,0.1,0.128858909285
96,96,,,,,,,,return_1,0.0842733738676,0,0.346553280368,0.453449551293,0.0,,0.2,0.2,0.25,0.25,0.1,0.160000566332
97,97,,,,,,,,Input VPROMMS: transit fr (33.33 pct); 214YD00096 (33.33 pct); 214YD00062 (33.33 pct); ,0.0230749061187,0,0.0484021628161,0.566159368521,0.000682648640597,,0.2,0.2,0.25,0.25,0.1,0.123082968428
98,98,16.4244444444,11.57,6.8,46.64,11.9054017509,28.9727777778,29.275,212TH00030,2.0847515263,0,0.197477721592,0.462209130245,0.000682648640597,0.898396271633,0.2,0.2,0.25,0.25,0.1,0.221947659691
99,99,8.45112903226,8.555,4.66,14.22,2.44828953664,31.6758064516,30.65,212TH00008,1.09215864053,0,0.0646548927403,0.375279032326,0.00516946067822,0.397931995612,0.2,0.2,0.25,0.25,0.1,0.129072349744
100,100,7.62,7.62,7.43,7.81,0.268700576851,29.285,29.285,214YD00037,0.304686710978,0,0.346553280368,0.46605885805,0.000460676295848,0.309228998354,0.2,0.2,0.25,0.25,0.1,0.193560496593
101,101,18.29,11.66,6.13,37.08,16.5058565364,34.1433333333,35.4,212TH00030,0.364867797363,0,0.346553280368,0.517733230849,0.0,0.804888281679,0.2,0.2,0.25,0.25,0.1,0.253346130411
102,102,2.86384615385,2.84,2.05,3.86,0.583131466903,24.1176923077,24.15,214YD00014,1.67528508982,0,0.0486241714922,0.376910951075,0.0,0.0579506984619,0.2,0.2,0.25,0.25,0.1,0.0909020943596
103,103,7.81,7.81,7.81,7.81,,37.09,37.09,213YD00012,0.00328409608725,0,0.346553280368,0.574680301135,0.000460676295848,0.318426799488,0.2,0.2,0.25,0.25,0.1,0.216204565323
104,104,5.06,5.06,5.06,5.06,,24.51,24.51,Input VPROMMS: 214YD00053 (72.73 pct); 214YD00027 (27.27 pct); ,0.144961733495,0,0.129309785481,0.375279032326,0.0,0.170508944996,0.2,0.2,0.25,0.25,0.1,0.117968658061
105,105,7.322,7.81,5.25,9.92,1.93294335147,29.662,30.46,Input VPROMMS: 213YD00012 (53.33 pct); 214YD00034 (26.67 pct); 214YD00037 (20.0 pct); ,0.263713715735,0,0.346553280368,0.56872571982,0.0,0.324730789505,0.2,0.2,0.25,0.25,0.1,0.215528878988
106,106,8.26,7.94,7.51,9.59,0.689256846176,31.2066666667,33.03,214YD00038,1.04023028958,0,0.346553280368,0.476977884852,0.000682648640597,0.342577751003,0.2,0.2,0.25,0.25,0.1,0.199134670304
107,107,6.51,5.87,4.25,10.63,1.94929946931,30.88,31.585,212TH00008,0.673985389867,0,0.107761998166,0.375329466908,0.353602552864,0.260012694041,0.2,0.2,0.25,0.25,0.1,0.211020200635
108,108,6.83,6.8,6.27,7.47,0.471593044902,26.3428571429,25.25,212TH00030,0.752001405122,0,0.346553280368,0.566544899083,0.0,0.268618823757,0.2,0.2,0.25,0.25,0.1,0.209481518266
109,109,,,,,,,,212YD00027,0.0122523107673,0,0.0972483429845,0.375279032326,0.366683846455,,0.2,0.2,0.25,0.25,0.1,0.186176436676
110,110,3.17,3.17,2.6,3.74,0.806101730553,28.165,28.165,214YD00015,0.350630503804,0,0.0972483429845,0.375279032326,0.0,0.0719149714384,0.2,0.2,0.25,0.25,0.1,0.101696972206
111,111,6.12,6.12,5.7,6.54,0.593969696197,25.345,25.345,Input VPROMMS: 212YD00027 (50.0 pct); 212TH00027 (50.0 pct); ,0.297128413387,0,0.0972483429845,0.375279032326,0.00023337676045,0.229783663414,0.2,0.2,0.25,0.25,0.1,0.117542185594
112,112,8.23833333333,7.8,3.92,14.34,2.80736346465,25.8025925926,25.025,Input VPROMMS: 214YD00016 (25.63 pct); 214YD00035 (25.13 pct); 214YD00013 (24.62 pct); 214YD00055 (24.12 pct); 214YD00015 (0.5 pct); ,1.75255840537,0,0.221900811676,0.37877712909,0.0,0.3697318832,0.2,0.2,0.25,0.25,0.1,0.157108776473
113,113,9.86166666667,8.875,7.56,13.45,2.5095451115,22.75,23.56,Input VPROMMS: 214YD00035 (26.0 pct); 214YD00016 (24.0 pct); 214YD00055 (24.0 pct); 214YD00013 (22.0 pct); 212TH00027 (4.0 pct); ,0.348498338909,0,0.0972483429845,0.375279032326,0.0,0.423161605187,0.2,0.2,0.25,0.25,0.1,0.136821635581
114,114,,,,,,,,,0.00118713918284,0,0.346553280368,0.382275246725,0.00265945493263,,0.2,0.2,0.25,0.25,0.1,0.146430569152
115,115,7.96333333333,7.78,7.65,8.46,0.435009578439,30.8766666667,31.1,Input VPROMMS: 214YD00038 (70.0 pct); 214YD00033 (20.0 pct); 213YD00011 (10.0 pct); ,0.286610931977,0,0.346553280368,0.384126008842,0.0,0.324415231415,0.2,0.2,0.25,0.25,0.1,0.178577380984
116,116,3.625,3.065,1.7,7.32,1.79522346039,27.24,25.515,Input VPROMMS: 214YD00033 (46.0 pct); 213YD00011 (24.0 pct); 212TH00030 (14.0 pct); Default Ro (10.0 pct); transit fr (4.0 pct); 214YD00038 (2.0 pct); ,0.839958101475,0,0.346553280368,0.44356995399,0.0158533912502,0.104645158514,0.2,0.2,0.25,0.25,0.1,0.172452510536
117,117,,,,,,,,return_1,0.423659706092,0,0.346553280368,0.474217307623,0.0,,0.2,0.2,0.25,0.25,0.1,0.164154117598
118,118,6.00916666667,5.7,3.31,10.92,2.12541528919,34.2666666667,35.32,212TH00008,0.296794297054,0,0.0,0.375279032326,0.000702870455234,0.249896009266,0.2,0.2,0.25,0.25,0.1,0.100221125006
119,119,15.985,9.92,7.18,36.92,14.0170788683,34.2475,33.86,Input VPROMMS: 212TH00024 (66.67 pct); 212TH00008 (29.17 pct); 214YD00016 (4.17 pct); ,0.802898442402,0,0.0,0.377984860907,8.3977530133e-05,0.740261626343,0.2,0.2,0.25,0.25,0.1,0.149644129198
120,120,7.06588235294,6.93,3.27,10.44,2.10680166017,31.1023529412,30.1,Input VPROMMS: 212YD00027 (40.0 pct); 212TH00027 (36.67 pct); 213YD00001 (23.33 pct); ,0.986965615574,0,0.148007608081,0.375492419185,0.366683846455,0.289896846676,0.2,0.2,0.25,0.25,0.1,0.225360651735
121,121,8.72307692308,8.85,4.18,11.11,1.61118168133,23.5092307692,23.86,Input VPROMMS: 214YD00016 (31.54 pct); 214YD00055 (30.0 pct); 214YD00029 (28.46 pct); 214YD00035 (9.23 pct); 213YD00001 (0.77 pct); ,1.12038088199,0,0.0993834365891,0.385810052595,0.000109197458438,0.37287712019,0.2,0.2,0.25,0.25,0.1,0.13435370922
122,122,6.46,6.34,3.96,10.0,1.64701401707,33.937,34.31,212TH00008,0.472329201453,0,0.0,0.375279032326,0.000335352955376,0.26657486795,0.2,0.2,0.25,0.25,0.1,0.101797131499
123,123,3.45,2.92,2.6,5.36,1.28351081024,29.2225,29.265,Input VPROMMS: return_1 (56.0 pct); Default Ro (44.0 pct); ,0.420977393694,0,0.280383671191,0.385035727985,0.0158533912502,0.0827802102047,0.2,0.2,0.25,0.25,0.1,0.145325248668
124,124,4.59,5.16,2.53,6.76,1.41572517735,27.8526315789,28.43,Input VPROMMS: 212TH00027 (29.76 pct); 213YD00001 (28.57 pct); 212YD00027 (28.57 pct); 212TH00008 (8.33 pct); 214YD00016 (2.38 pct); 214YD00055 (2.38 pct); ,0.91536197088,0,0.198766873178,0.375508833558,0.000973172291098,0.175887776069,0.2,0.2,0.25,0.25,0.1,0.132687212027
125,125,5.03875,4.985,3.85,6.48,0.759651000695,29.69375,29.07,Input VPROMMS: 214YD00036 (50.0 pct); 214YD00004 (50.0 pct); ,0.46368123624,0,0.280383671191,0.382275246725,0.0,0.176741665501,0.2,0.2,0.25,0.25,0.1,0.150205950133
126,126,,,,,,,,214YD00043,0.346511986999,0,0.280383671191,0.382275246725,0.0,,0.2,0.2,0.25,0.25,0.1,0.132531783583
127,127,6.40761904762,6.0,3.69,11.86,2.02778920197,31.0457142857,30.3,212TH00008,0.329882021767,0,0.0,0.375279032326,0.000335352955376,0.273877271468,0.2,0.2,0.25,0.25,0.1,0.102527371851
128,128,,,,,,,,214YD00035,0.70703530214,0,0.0,0.37537261932,0.0,,0.2,0.2,0.25,0.25,0.1,0.075074523864
129,129,9.55,9.55,9.55,9.55,,30.58,30.58,Input VPROMMS: 214YD00035 (45.45 pct); 212TH00024 (36.36 pct); 214YD00053 (9.09 pct); 214YD00055 (9.09 pct); ,0.186555843562,0,0.0,0.375894694925,0.000118312217218,0.412018460148,0.2,0.2,0.25,0.25,0.1,0.116410363054
130,130,2.85,2.85,2.85,2.85,,31.3,31.3,Input VPROMMS: 214YD00043 (50.0 pct); Default Ro (33.33 pct); return_1 (16.67 pct); ,0.0660066398995,0,0.214214062014,0.382275246725,0.0158533912502,0.0516367782953,0.2,0.2,0.25,0.25,0.1,0.12842488739
131,131,3.0,3.0,3.0,3.0,,28.55,28.55,Input VPROMMS: Default Ro (44.83 pct); return_1 (44.83 pct); 214YD00042 (10.34 pct); ,0.880154117893,0,0.214214062014,0.393071018159,0.00204730678195,0.059705024904,0.2,0.2,0.25,0.25,0.1,0.12793934522
132,132,9.375,9.375,9.31,9.44,0.0919238815543,21.54,21.54,214YD00043,0.378701959546,0,0.214214062014,0.382503578096,0.0,0.402955129791,0.2,0.2,0.25,0.25,0.1,0.159639041001
133,133,8.085,6.945,5.47,12.71,2.4362513393,24.1,22.4,Input VPROMMS: 214YD00054 (54.74 pct); 214YD00053 (25.26 pct); Default Ro (13.68 pct); 214YD00016 (4.21 pct); 214YD00029 (2.11 pct); ,0.778492718163,0,0.0,0.375279032326,0.000337502085376,0.332115924567,0.2,0.2,0.25,0.25,0.1,0.108351774443
134,134,10.5595238095,8.78,5.85,46.12,8.29814285017,31.2476190476,31.31,Input VPROMMS: 212TH00024 (64.29 pct); 214YD00081 (20.54 pct); 214YD00082 (13.39 pct); 214YD00053 (0.89 pct); 214YD00055 (0.89 pct); ,3.23205600989,0,0.0703179534228,0.470826026759,0.00203860041238,0.766104348298,0.2,0.2,0.25,0.25,0.1,0.185348880969
135,135,6.35975609756,6.17,3.79,10.15,1.62674442954,33.2848780488,34.75,212TH00008,0.775992146181,0,0.0993834365891,0.375760122484,0.00148992658691,0.261248513278,0.2,0.2,0.25,0.25,0.1,0.121526044789
136,136,11.81,11.81,11.81,11.81,,20.15,20.15,214YD00041,0.456600792005,0,0.214214062014,0.389938987838,0.0,0.533580042385,0.2,0.2,0.25,0.25,0.1,0.174188614209
137,137,10.72,10.72,10.72,10.72,,20.74,20.74,214YD00043,0.471590364052,0,0.214214062014,0.390261551919,0.0,0.474950783696,0.2,0.2,0.25,0.25,0.1,0.168390201156
138,138,6.91017857143,6.46,3.56,14.64,2.60067787742,34.3169642857,34.84,212TH00008,3.53127437733,0,0.206490467596,0.514170073425,0.00268310486012,0.320633080733,0.2,0.2,0.25,0.25,0.1,0.176866192493
139,139,4.77384615385,4.74,2.53,8.35,1.81843585929,25.9276923077,25.87,Input VPROMMS: 212TH00008 (68.29 pct); 212YD00027 (12.2 pct); 213YD00001 (7.32 pct); Default Ro (7.32 pct); 212TH00027 (4.88 pct); ,0.116555359902,0,0.198766873178,0.375279032326,0.00192863251306,0.180426681981,0.2,0.2,0.25,0.25,0.1,0.133334007427
140,140,7.12375,6.77,6.26,8.81,0.888448688124,26.05,26.115,214YD00042,0.850046876949,0,0.214214062014,0.399112913434,0.0,0.283592144755,0.2,0.2,0.25,0.25,0.1,0.151024609565
141,141,6.5637254902,6.5,2.76,10.89,2.01402455154,28.927745098,29.1,Input VPROMMS: 212TH00027 (39.68 pct); 212YD00027 (30.16 pct); 213YD00001 (28.31 pct); 212TH00008 (1.59 pct); Default Ro (0.26 pct); ,4.42643436725,0,0.161852124038,0.492127553893,0.00292951714022,0.275416189691,0.2,0.2,0.25,0.25,0.1,0.15906993384
142,142,,,,,,,,214YD00042,0.144827193201,0,0.214214062014,0.402364895587,0.0,,0.2,0.2,0.25,0.25,0.1,0.12331579152
143,143,,,,,,,,Input VPROMMS: 214YD00042 (66.67 pct); 214YD00043 (33.33 pct); ,0.0215526897296,0,0.214214062014,0.406149233085,0.0,,0.2,0.2,0.25,0.25,0.1,0.12407265902
144,144,8.3225,7.79,3.86,13.85,5.22570808599,26.135,27.105,Input VPROMMS: 214YD00043 (65.52 pct); 214YD00041 (24.14 pct); 212TH00008 (10.34 pct); ,0.661928634358,0,0.214214062014,0.449519591532,0.0,0.364267887303,0.2,0.2,0.25,0.25,0.1,0.16917351944
145,145,,,,,,,,Input VPROMMS: 214YD00042 (66.67 pct); 214YD00041 (33.33 pct); ,0.0424469003442,0,0.214214062014,0.400743292955,0.0,,0.2,0.2,0.25,0.25,0.1,0.122991470994
146,146,,,,,,,,214YD00042,0.322489446473,0,0.214214062014,0.389568455757,0.0,,0.2,0.2,0.25,0.25,0.1,0.120756503554
147,147,11.055,10.73,10.35,12.41,0.926120942426,26.8725,27.175,Input VPROMMS: 214YD00041 (60.71 pct); 212TH00008 (35.71 pct); Default Ro (3.57 pct); ,0.593059944504,0,0.214214062014,0.41767027771,0.0,0.493265703497,0.2,0.2,0.25,0.25,0.1,0.175703438294
148,148,2.6,2.6,2.6,2.6,,33.49,33.49,Input VPROMMS: Default Ro (50.0 pct); return_1 (50.0 pct); ,0.542443439681,0,0.214214062014,0.38951276359,0.00226400320665,0.0381897006143,0.2,0.2,0.25,0.25,0.1,0.125130335984
149,149,6.42307692308,6.02,3.86,9.58,2.19342344527,32.8192307692,36.38,212TH00008,0.262660621155,0,0.214214062014,0.435014065036,0.000518646714112,0.250992808089,0.2,0.2,0.25,0.25,0.1,0.155074567897
150,150,5.81,5.81,5.81,5.81,,38.85,38.85,212TH00008,0.00522341244724,0,0.214214062014,0.444229579001,0.00557547079941,0.210850178039,0.2,0.2,0.25,0.25,0.1,0.154167613707
151,151,,,,,,,,214YD00041,0.392794759387,0,0.214214062014,0.486032224303,0.0,,0.2,0.2,0.25,0.25,0.1,0.140049257263
152,152,8.43142857143,7.82,4.73,15.79,2.83056581926,24.56,23.13,212TH00008,0.380904411432,0,0.214214062014,0.39078248781,0.000392778284935,0.391371432875,0.2,0.2,0.25,0.25,0.1,0.160234647824
153,153,,,,,,,,212TH00008,0.00492174602803,0,0.214214062014,0.412486615506,0.000392778284935,,0.2,0.2,0.25,0.25,0.1,0.125438330075
154,154,9.96285714286,9.46,6.12,14.71,3.12399698189,22.6214285714,23.64,Input VPROMMS: 214YD00041 (58.0 pct); 214YD00040 (38.0 pct); 212TH00008 (4.0 pct); ,1.20729344268,0,0.214214062014,0.40399107599,0.0,0.448394726287,0.2,0.2,0.25,0.25,0.1,0.16848050023
155,155,,,,,,,,Input VPROMMS: return_1 (69.23 pct); 212TH00008 (30.77 pct); ,0.784007492152,0,0.214214062014,0.388233152655,0.00187823960598,,0.2,0.2,0.25,0.25,0.1,0.120959002835
156,156,9.11142857143,9.355,7.52,10.86,1.10108238456,33.3642857143,33.645,214YD00040,3.33197670393,0,0.215952774146,0.526647507833,0.0,0.406539736499,0.2,0.2,0.25,0.25,0.1,0.189174030046
157,157,9.05,9.05,9.05,9.05,,22.62,22.62,Input VPROMMS: return_1 (72.41 pct); 214YD00039 (13.79 pct); 214YD00040 (13.79 pct); ,1.51954009869,0,0.223676368564,0.383133888054,0.00654632015822,0.385124304786,0.2,0.2,0.25,0.25,0.1,0.161511061842
158,158,2.60034482759,2.65,1.85,3.48,0.406012691204,28.3806896552,27.28,Input VPROMMS: 213YD00008 (73.84 pct); 214YD00082 (26.16 pct); ,3.07134658492,0,0.711644129514,0.386254150648,0.0,0.0452378240885,0.2,0.2,0.25,0.25,0.1,0.224103438441
159,159,10.365,9.015,7.29,30.77,5.60070590789,33.890625,35.38,Input VPROMMS: 212TH00024 (50.52 pct); 214YD00081 (49.48 pct); ,2.4136449223,0,0.567466194271,0.37632934366,0.00267440881872,0.61525759222,0.2,0.2,0.25,0.25,0.1,0.250953469013
160,160,8.38222222222,8.2,7.25,9.71,0.794068287016,30.28,28.28,214YD00083,2.7624047095,0,0.140635906846,0.391139869293,0.0,0.351518563541,0.2,0.2,0.25,0.25,0.1,0.141507011582
161,161,,,,,,,,214YD00084,0.229168273602,0,0.140635906846,0.471250116178,0.0,,0.2,0.2,0.25,0.25,0.1,0.122377204605
162,162,,,,,,,,214YD00040,0.0150406698458,0,0.233138675114,0.382275246725,0.376916151434,,0.2,0.2,0.25,0.25,0.1,0.217311822226
163,163,,,,,,,,214YD00040,0.0453876551641,0,0.233138675114,0.382275246725,0.376916151434,,0.2,0.2,0.25,0.25,0.1,0.217311822226
164,164,,,,,,,,Input VPROMMS: return_1 (50.0 pct); 214YD00095 (42.19 pct); 212TH00008 (7.81 pct); ,2.16162803403,0,0.179038025006,0.398570755399,0.00674604580069,,0.2,0.2,0.25,0.25,0.1,0.117208267531
165,165,,,,,,,,214YD00084,0.193442394408,0,0.140635906846,0.456719811441,0.0,,0.2,0.2,0.25,0.25,0.1,0.119471143657
166,166,7.98220779221,8.46,3.02,13.89,2.891689373,32.7390909091,33.7,212TH00047,3.9812577525,0,0.206317084408,0.4834610259,0.0,0.379972502298,0.2,0.2,0.25,0.25,0.1,0.175952872291
167,167,5.92166666667,6.475,3.26,8.62,2.17796617666,31.7,32.3,Input VPROMMS: 214YD00095 (30.77 pct); 212TH00027 (26.92 pct); 212YD00027 (26.92 pct); return_1 (15.38 pct); ,0.27659673612,0,0.124937374898,0.382937755072,0.00268247393564,0.249425361547,0.2,0.2,0.25,0.25,0.1,0.127188180633
168,168,2.2,2.24,1.74,2.62,0.441361529814,29.7366666667,30.79,Input VPROMMS: return_1 (60.0 pct); Default Ro (18.67 pct); 214YD00095 (17.33 pct); 212TH00047 (4.0 pct); ,2.84356927556,0,0.549931823414,0.397734072621,0.0032172049326,0.0200092515894,0.2,0.2,0.25,0.25,0.1,0.192338405599
169,169,5.85857142857,5.285,4.43,9.27,1.50547644972,26.9292857143,27.65,Input VPROMMS: 212TH00027 (36.46 pct); 212YD00027 (32.29 pct); 214YD00094 (31.25 pct); ,1.05848355472,0,0.324897735121,0.380327978355,0.000139505021663,0.223966841812,0.2,0.2,0.25,0.25,0.1,0.163476703132
170,170,8.6075,7.9,6.85,11.78,2.28535008259,25.4025,22.82,214YD00065,0.916023690856,0,0.524858095344,0.385571905867,0.0,0.363165226933,0.2,0.2,0.25,0.25,0.1,0.218402522935
171,171,,,,,,,,Input VPROMMS: 214YD00094 (55.0 pct); 214YD00066 (35.0 pct); 212TH00027 (5.0 pct); 212YD00027 (5.0 pct); ,0.334532607255,0,0.524858095344,0.412108945197,0.0,,0.2,0.2,0.25,0.25,0.1,0.187393408108
172,172,8.04333333333,8.43,7.12,8.58,0.803139672369,23.5633333333,21.49,214YD00090,0.606658560899,0,0.994296481696,0.381884076423,0.0,0.344263118072,0.2,0.2,0.25,0.25,0.1,0.309662423431
173,173,6.86666666667,6.83,5.72,8.86,0.964950471146,31.1777777778,31.08,Input VPROMMS: 212TH00027 (63.01 pct); 212YD00027 (23.29 pct); 214YD00066 (10.96 pct); 214YD00097 (2.74 pct); ,2.00715655047,0,0.325869414778,0.443638821206,0.000139505021663,0.281779030448,0.2,0.2,0.25,0.25,0.1,0.182114426497
174,174,10.82,10.91,8.89,12.66,1.88661071766,32.4533333333,33.85,Input VPROMMS: 214YD00088 (52.63 pct); 212TH00024 (42.11 pct); 214YD00089 (5.26 pct); ,0.360681448771,0,0.994296481696,0.375279032326,0.00267440881872,0.492647137924,0.2,0.2,0.25,0.25,0.1,0.323848418801
175,175,9.45,9.92,6.7,11.69,1.74014941887,33.72,34.28,Input VPROMMS: 214YD00088 (45.28 pct); 212TH00024 (30.19 pct); 214YD00089 (22.64 pct); return_1 (1.89 pct); ,0.810268104271,0,0.997148240848,0.381920762705,0.00802445494875,0.431113310455,0.2,0.2,0.25,0.25,0.1,0.320931245493
176,176,,,,,,,,214YD00089,0.057261428184,0,0.994296481696,0.375279032326,0.44004833026,,0.2,0.2,0.25,0.25,0.1,0.383927185369
177,177,9.03,9.08,8.91,9.1,0.104403065089,28.3,28.86,214YD00099,0.749732979993,0,0.325869414778,0.508973290065,0.300857841156,0.385769764515,0.2,0.2,0.25,0.25,0.1,0.280759977709
178,178,,,,,,,,,0.0046917223285,0,1.0,0.388562493084,0.00428838008907,,0.2,0.2,0.25,0.25,0.1,0.278784593639
179,179,5.84162162162,6.36,2.14,11.25,2.49278905993,30.7510810811,30.82,Input VPROMMS: 212TH00047 (72.08 pct); 213YD00004 (25.97 pct); Default Ro (1.3 pct); 212TH00027 (0.65 pct); ,1.73478238215,0,0.707059071969,0.394678964772,0.000633151370824,0.267551779971,0.2,0.2,0.25,0.25,0.1,0.247261073188
180,180,3.785,3.785,2.52,5.05,1.7889801564,37.31,37.31,Input VPROMMS: Default Ro (33.33 pct); 212TH00024 (27.78 pct); return_1 (22.22 pct); 214YD00088 (16.67 pct); ,0.699743318341,0,1.0,0.386266285226,0.0018443451701,0.108733070129,0.2,0.2,0.25,0.25,0.1,0.288587650351
181,181,,,,,,,,214YD00088,0.943769790225,0,0.994296481696,0.38213236927,0.0,,0.2,0.2,0.25,0.25,0.1,0.275285770193
182,182,7.12904761905,7.15,3.29,11.22,2.94222008824,34.7985714286,35.71,Input VPROMMS: 212TH00047 (66.67 pct); 213YD00004 (29.33 pct); 214YD00099 (4.0 pct); ,0.984350812341,0,0.126880734212,0.416020443291,0.300857841156,0.305835212082,0.2,0.2,0.25,0.25,0.1,0.214378216998
183,183,,,,,,,,Input VPROMMS: 212TH00027 (50.0 pct); 213YD00004 (50.0 pct); ,0.00925295158734,0,0.126880734212,0.392307221102,0.00307434795061,,0.2,0.2,0.25,0.25,0.1,0.10460617805
184,184,6.3,5.89,5.39,8.03,1.21948076382,26.7225,25.84,212TH00027,0.41178274998,0,0.126880734212,0.386072959541,0.00216599752831,0.237690545091,0.2,0.2,0.25,0.25,0.1,0.126901292642
185,185,4.51,4.51,3.91,5.11,0.848528137424,31.8,31.8,Input VPROMMS: 212TH00024 (52.0 pct); Default Ro (45.33 pct); 214YD00072 (2.67 pct); ,3.32262785742,0,0.707059071969,0.40112049557,0.0018443451701,0.144152672741,0.2,0.2,0.25,0.25,0.1,0.236512267074
186,186,,,,,,,,return_1,0.647948674261,0,0.705646594217,0.394104516053,0.0,,0.2,0.2,0.25,0.25,0.1,0.219950222054
187,187,7.76230769231,7.81,5.49,9.74,1.31459850554,30.6892307692,28.98,212TH00027,1.76050687394,0,0.126880734212,0.383837759651,0.000853181972489,0.326453670473,0.2,0.2,0.25,0.25,0.1,0.135002361313
188,188,8.1525,8.19,7.47,8.76,0.667751201172,32.3575,32.815,214YD00097,0.533045868314,0,0.126880734212,0.390624322897,0.406931654011,0.340923760448,0.2,0.2,0.25,0.25,0.1,0.239326300969
189,189,10.1966666667,9.99,8.28,12.32,2.02791354188,32.3466666667,32.02,Input VPROMMS: 212TH00025 (53.47 pct); 213YD00010 (46.53 pct); ,3.7123074504,0,0.414606838954,0.458043983161,0.0,0.452664493619,0.2,0.2,0.25,0.25,0.1,0.219796613785
190,190,,,,,,,,214YD00100,0.519470000458,0,0.122643300955,0.381378414727,0.293203371308,,0.2,0.2,0.25,0.25,0.1,0.174105185963
191,191,7.795,7.795,7.0,8.59,1.12429978209,28.58,28.58,212TH00025,0.171330868655,0,0.122643300955,0.38213236927,0.0,0.32189614553,0.2,0.2,0.25,0.25,0.1,0.133144748598
192,192,8.11142857143,8.265,6.82,8.89,0.580713846424,33.8821428571,33.965,212TH00025,2.79462365012,0,0.123024614961,0.213739011395,0.293203371308,0.341025574037,0.2,0.2,0.25,0.25,0.1,0.174756125502
193,193,6.075,6.075,5.38,6.77,0.982878425849,29.68,29.68,Input VPROMMS: 214YD00096 (68.75 pct); 214YD00085 (31.25 pct); ,0.383017014015,0,0.126880734212,0.383121244629,0.000286725925773,0.228842367977,0.2,0.2,0.25,0.25,0.1,0.124956314047
194,194,10.3766666667,9.83,8.23,13.07,2.46587374643,34.03,33.99,212TH00027,0.297735002596,0,0.126880734212,0.386473361831,0.000405418857701,0.456268310438,0.2,0.2,0.25,0.25,0.1,0.148399004967
195,195,4.9,4.9,4.61,5.19,0.410121933088,31.845,31.845,Input VPROMMS: 214YD00085 (60.34 pct); 214YD00096 (37.93 pct); 214YD00099 (1.72 pct); ,1.27101600133,0,0.0877364336939,0.473615742464,0.336324445057,0.163462676291,0.2,0.2,0.25,0.25,0.1,0.212697814125
196,196,11.41,11.41,11.41,11.41,,20.92,20.92,214YD00098,0.527292893406,0,0.126880734212,0.386623793413,1.84482362566e-05,0.512064718095,0.2,0.2,0.25,0.25,0.1,0.153911989394
197,197,3.91,3.91,3.91,3.91,,33.85,33.85,Input VPROMMS: Default Ro (50.0 pct); 212TH00027 (25.0 pct); 212TH00024 (25.0 pct); ,0.0705567724268,0,0.126880734212,0.389841575292,0.00238841000401,0.108652387663,0.2,0.2,0.25,0.25,0.1,0.114806803168
198,198,,,,,,,,212TH00024,0.348999537857,0,0.126880734212,0.389576918743,0.000197330014827,,0.2,0.2,0.25,0.25,0.1,0.103340863095
199,199,7.94,8.55,5.04,10.11,1.82805300191,33.404,35.555,Input VPROMMS: 212TH00027 (50.0 pct); Default Ro (40.63 pct); 214YD00070 (9.38 pct); ,0.721413891569,0,0.126880734212,0.38757407355,0.00195671340728,0.352851318351,0.2,0.2,0.25,0.25,0.1,0.138665271739
200,200,11.41,11.41,11.41,11.41,,20.92,20.92,212TH00024,0.0441946736148,0,0.126880734212,0.39030039012,0.000244105159154,0.512064718095,0.2,0.2,0.25,0.25,0.1,0.154703722966
201,201,,,,,,,,212TH00024,0.687645466714,0,0.153432814688,0.388061623127,0.000244105159154,,0.2,0.2,0.25,0.25,0.1,0.108359913853
202,202,11.09,11.09,11.09,11.09,,20.98,20.98,214YD00098,0.496136481085,0,0.126880734212,0.385776904323,0.0,0.494852458664,0.2,0.2,0.25,0.25,0.1,0.152016773573
203,203,,,,,,,,214YD00087,1.57035827628,0,0.123405928968,0.194067939928,0.0,,0.2,0.2,0.25,0.25,0.1,0.0634947737792
204,204,7.36142857143,7.29,6.28,8.58,0.801756999168,34.0528571429,34.97,214YD00070,0.988333601939,0,0.153432814688,0.442225269314,0.000217718077064,0.299285844914,0.2,0.2,0.25,0.25,0.1,0.149114630811
205,205,6.635,6.635,5.75,7.52,1.2515790027,32.33,32.33,Input VPROMMS: Default Ro (58.33 pct); 212TH00027 (41.67 pct); ,0.271002314159,0,0.126880734212,0.383776999003,0.667545830573,0.259985799886,0.2,0.2,0.25,0.25,0.1,0.295016584275
206,206,3.91,3.91,3.91,3.91,,31.39,31.39,212TH00024,0.689871502875,0,0.179984895164,0.442144806465,0.0,0.108652387663,0.2,0.2,0.25,0.25,0.1,0.135291179092
207,207,5.33,5.33,4.74,5.92,0.8343860018,23.405,23.405,214YD00072,0.447534656495,0,0.179984895164,0.470666538688,0.000244105159154,0.188205299224,0.2,0.2,0.25,0.25,0.1,0.149011842983
208,208,,,,,,,,214YD00086,2.27447118666,0,0.123405928968,0.398086506613,0.0,,0.2,0.2,0.25,0.25,0.1,0.104298487116
209,209,6.42,6.5,5.12,7.25,0.796460921829,26.884,27.69,Input VPROMMS: 212TH00027 (26.92 pct); Default Ro (26.92 pct); 213YD00010 (23.08 pct); 212TH00025 (23.08 pct); ,0.218698274703,0,0.153432814688,0.383989193168,0.667545830573,0.248179265682,0.2,0.2,0.25,0.25,0.1,0.299188785783
210,210,8.77083333333,7.095,4.0,20.01,4.64622419556,30.5795833333,31.705,Input VPROMMS: 212TH00025 (68.33 pct); 213YD00010 (18.33 pct); 214YD00071 (13.33 pct); ,4.05451136973,0,0.113056485225,0.23694223628,0.000608097958922,0.411269906157,0.2,0.2,0.25,0.25,0.1,0.111278759406
211,211,8.04259259259,7.75,5.34,10.64,1.35968772601,31.4174074074,31.81,Input VPROMMS: Default Ro (54.92 pct); 212TH00027 (25.41 pct); 214YD00071 (19.67 pct); ,3.95118226927,0,0.113056485225,0.280503400674,0.000219063347859,0.334899967687,0.2,0.2,0.25,0.25,0.1,0.112256739785
212,212,6.925,6.99,6.61,7.11,0.22708295107,32.6075,32.77,214YD00070,0.378145532272,0,0.179984895164,0.562487353072,0.0,0.273217724324,0.2,0.2,0.25,0.25,0.1,0.17581622208
213,213,,,,,,,,,0.000224811466952,0,0.179984895164,0.562487353072,0.000244105159154,,0.2,0.2,0.25,0.25,0.1,0.148555475937
214,214,6.10666666667,6.21,4.6,7.74,1.27872853517,29.3916666667,27.775,214YD00072,0.709711215302,0,0.179984895164,0.373506053058,0.401540833668,0.23960899484,0.2,0.2,0.25,0.25,0.1,0.235044297545
215,215,,,,,,,,214YD00086,0.562727351522,0,0.123405928968,0.19205356274,0.0,,0.2,0.2,0.25,0.25,0.1,0.0630918983416
216,216,,,,,,,,214YD00087,0.149193763884,0,0.123405928968,0.00384211923734,0.385735960743,,0.2,0.2,0.25,0.25,0.1,0.121883599827
217,217,,,,,,,,Input VPROMMS: 214YD00087 (66.67 pct); 214YD00086 (33.33 pct); ,0.0390771827452,0,0.123405928968,0.00116268887423,0.385735960743,,0.2,0.2,0.25,0.25,0.1,0.121347713754
218,218,,,,,,,,214YD00086,0.615303986547,0,0.123405928968,0.0,0.0,,0.2,0.2,0.25,0.25,0.1,0.0246811857936
219,219,9.066,8.83,7.94,10.88,1.0924879862,37.022,38.17,212TH00025,2.48502529769,0,0.124721258624,0.151721936677,0.515858699876,0.391826328302,0.2,0.2,0.25,0.25,0.1,0.223435946859
220,220,8.39,8.39,8.39,8.39,,22.02,22.02,Input VPROMMS: 214YD00074 (61.9 pct); 214YD00073 (38.1 pct); ,0.312251451873,0,0.12603658828,0.378889501185,0.0,0.349624019708,0.2,0.2,0.25,0.25,0.1,0.135947619864
221,221,10.1166666667,9.46,9.14,11.75,1.42352847999,36.77,38.13,212TH00025,1.12090832684,0,0.12603658828,0.248220876714,0.515858699876,0.433623431623,0.2,0.2,0.25,0.25,0.1,0.24717851113
222,222,4.57,4.475,4.18,5.15,0.468259187488,29.715,28.84,Default Ro,0.512023039593,0,0.046128075286,0.00904216635127,0.0,0.145228438956,0.2,0.2,0.25,0.25,0.1,0.0255568922231
223,223,7.395,7.335,5.56,8.68,0.985693111009,26.9491666667,26.9,Input VPROMMS: 214YD00076 (56.52 pct); 214YD00074 (43.48 pct); ,2.06764922619,0,0.12603658828,0.0997216333616,0.0,0.29812171219,0.2,0.2,0.25,0.25,0.1,0.0749638155473
224,224,9.59285714286,9.19,7.24,13.82,2.14477438041,35.4614285714,35.95,212TH00025,1.71122010574,0,0.12603658828,0.190474419312,0.515858699876,0.434140823945,0.2,0.2,0.25,0.25,0.1,0.235680958882
225,225,9.878,9.81,8.39,11.85,1.00076415248,23.457,23.29,214YD00069,1.10198197791,0,0.046128075286,0.0979478233466,0.0,0.440676872102,0.2,0.2,0.25,0.25,0.1,0.0728828669367
226,226,7.534,7.58,6.53,8.87,1.02407519255,25.302,27.15,214YD00071,0.525795349942,0,0.046128075286,0.000813967100197,0.00183565046549,0.314037673333,0.2,0.2,0.25,0.25,0.1,0.0412510884269
227,227,12.7307142857,11.085,4.94,41.14,9.36534320229,31.6971428571,31.595,212TH00025,6.46440965808,0,0.158453224562,0.244227231714,0.607894847473,0.79370415507,0.2,0.2,0.25,0.25,0.1,0.31188021863
228,228,8.41,8.28,5.56,11.3,1.68964070568,29.92125,29.895,214YD00068,0.993523247381,0,0.046128075286,0.0883774078466,0.0,0.362264272728,0.2,0.2,0.25,0.25,0.1,0.0631275238993
229,229,6.753,6.81,4.63,8.96,1.35207700307,24.403,24.905,214YD00079,2.21543874274,0,0.12603658828,0.378496824536,0.00119684701411,0.275735017266,0.2,0.2,0.25,0.25,0.1,0.128779396043
230,230,8.2775,8.195,7.27,9.32,0.66667083332,32.4625,31.075,212TH00025,1.2773780581,0,0.12603658828,0.11190732666,0.0,0.346706003851,0.2,0.2,0.25,0.25,0.1,0.0822593833731
231,231,8.15,8.23,7.15,9.07,0.962496753241,25.7,25.45,214YD00080,0.358551262988,0,0.12603658828,0.553414652062,0.0,0.34381488215,0.2,0.2,0.25,0.25,0.1,0.170271736283
232,232,7.065,7.065,5.98,8.15,1.53442171517,22.51,22.51,214YD00078,0.354411808683,0,0.12603658828,0.0184073570314,0.0,0.284190539712,0.2,0.2,0.25,0.25,0.1,0.0573078430335
233,233,6.58,6.58,6.54,6.62,0.0565685424949,32.48,32.48,214YD00077,1.19434128759,0,0.198407481059,0.534102422709,0.0,0.25248233054,0.2,0.2,0.25,0.25,0.1,0.171750213808
234,234,7.94875,8.045,5.71,10.31,1.6438060148,28.41625,29.185,Input VPROMMS: 214YD00091 (61.11 pct); 214YD00080 (19.44 pct); 214YD00092 (16.67 pct); 214YD00077 (2.78 pct); ,1.08171716611,0,0.198407481059,0.614651990756,0.00124205344511,0.342355874221,0.2,0.2,0.25,0.25,0.1,0.197157995146
235,235,,,,,,,,214YD00080,0.167172832711,0,0.198407481059,0.558796651689,0.00124205344511,,0.2,0.2,0.25,0.25,0.1,0.151751339911
236,236,9.870625,7.045,5.66,45.96,9.71181306022,31.160625,30.815,212TH00025,3.11530441674,0,0.198407481059,0.176390015308,0.0,0.703662042665,0.2,0.2,0.25,0.25,0.1,0.14532570354
237,237,5.055,5.055,4.56,5.55,0.700035713375,33.47,33.47,214YD00092,1.00908245005,0,0.270778373838,0.0039352052956,0.0,0.172902524823,0.2,0.2,0.25,0.25,0.1,0.072232968309
238,238,5.74285714286,6.04,4.01,6.79,1.18095602918,24.3385714286,22.92,214YD00093,1.2819778439,0,0.270778373838,0.00688295813199,0.0,0.218772427805,0.2,0.2,0.25,0.25,0.1,0.0774095091745
239,239,3.93,4.14,3.3,4.49,0.421860956556,26.2442857143,26.99,214YD00092,2.09427665471,0,0.270778373838,0.00393441250919,0.0,0.119141108254,0.2,0.2,0.25,0.25,0.1,0.0668566680948
