,Junction,points
0,POINT (105.4622873285699 20.32028156808853),3.0
1,POINT (105.4318836856902 20.33949305842712),3.0
2,POINT (105.5207264155239 20.2891216304276),3.0
3,POINT (105.4629121980745 20.31274356317188),3.0
4,POINT (105.4789571775974 20.30337494312544),3.0
5,POINT (105.4829702142107 20.30040103851538),3.0
6,POINT (105.434796771968 20.33679109476187),3.0
7,POINT (105.4666073267616 20.31162109603935),3.0
8,POINT (105.466534793926 20.31163840127984),3.0
9,POINT (105.4470914035909 20.33499699497623),3.0
10,POINT (105.4512836111387 20.32913796985158),3.0
11,POINT (105.4670802100348 20.29472207920744),3.0
12,POINT (105.4366492002779 20.33796855273076),3.0
13,POINT (105.487523569911 20.29981930930112),3.0
14,POINT (105.4604962832893 20.31751352387407),3.0
15,POINT (105.4318837048261 20.33949297917929),3.0
16,POINT (105.5207264746559 20.28912164084944),3.0
17,POINT (105.4661610892443 20.31141794992458),3.0
18,POINT (105.4604221998561 20.31733327726614),3.0
19,POINT (105.4465929810003 20.33458917493418),3.0
20,POINT (105.4472528086219 20.33497004696653),3.0
21,POINT (105.4670802008609 20.29472210134877),3.0
22,POINT (105.4602899106306 20.31928303123945),3.0
23,POINT (105.4619501746286 20.31611530004923),3.0
24,POINT (105.4318836822289 20.33949306496162),3.0
25,POINT (105.520726378372 20.28912163324284),3.0
26,POINT (105.4670801864872 20.29472202984697),3.0
27,POINT (105.4734269831791 20.29623411323136),3.0
28,POINT (105.4366383746849 20.33742614351034),3.0
29,POINT (105.4623552024145 20.32036969435446),3.0
30,POINT (105.4480773819929 20.33357408212205),3.0
31,POINT (105.4540631385366 20.32496065597705),3.0
32,POINT (105.4755676237932 20.30460761652465),3.0
33,POINT (105.4392962385947 20.3391243890073),3.0
34,POINT (105.4319872458107 20.33934607056483),3.0
35,POINT (105.4670802181214 20.29472208890278),3.0
36,POINT (105.437706399634 20.33937913667106),3.0
37,POINT (105.4855062599548 20.29892873027015),3.0
38,POINT (105.5207266325369 20.28912171222579),3.0
39,POINT (105.4395437983673 20.3386601580838),3.0
40,POINT (105.4330592382036 20.33894342267848),3.0
41,POINT (105.4629160758201 20.31273493917662),3.0
42,POINT (105.4360933760869 20.33669782109907),3.0
43,POINT (105.4830614751236 20.2992480485208),3.0
44,POINT (105.4830475465458 20.30024773942172),3.0
45,POINT (105.4329681894801 20.33896460550563),3.0
46,POINT (105.462287333368 20.32028154784801),3.0
47,POINT (105.4509357728579 20.32998184065466),3.0
48,POINT (105.4593910419714 20.3201604156508),3.0
49,POINT (105.4365647967714 20.33775282197779),3.0
50,POINT (105.4622889481574 20.32036066905427),3.0
51,POINT (105.4510228593608 20.32827908264633),3.0
52,POINT (105.4659845841076 20.31143180350938),3.0
53,POINT (105.4319308583723 20.33940417564368),3.0
54,POINT (105.4509141820136 20.32843720129918),3.0
55,POINT (105.4352825683806 20.3365343645656),3.0
56,POINT (105.4782613831077 20.30374486972107),3.0
57,POINT (105.4355231746844 20.33661295990662),3.0
58,POINT (105.4354575711266 20.33656848373222),3.0
59,POINT (105.71956171395 20.11976975394943),3.0
60,POINT (105.7194028729749 20.12039010804912),3.0
61,POINT (105.7075735503649 20.11859690210454),3.0
62,POINT (105.7075734457689 20.11859683972041),3.0
63,POINT (105.7195416065504 20.11970975248952),3.0
64,POINT (105.7125789034285 20.11922654169868),3.0
65,POINT (105.7195415632657 20.11970971619592),3.0
66,POINT (105.7195263126278 20.12029761962941),3.0
67,POINT (105.7143193366303 20.11983802239652),3.0
68,POINT (105.7195892309456 20.12014368274583),3.0
69,POINT (105.7075735371537 20.11859689637628),3.0
70,POINT (105.7146698852537 20.1205465343416),3.0
71,POINT (105.7142802066267 20.11986740248991),3.0
72,POINT (105.719541651595 20.11970981520575),3.0
73,POINT (105.7075734872422 20.11859685770013),3.0
74,POINT (105.6918258684149 20.08604639962123),4.0
75,POINT (105.6702275582558 20.17652653783689),3.0
76,POINT (105.8167805927362 20.04768988488294),3.0
77,POINT (105.7277053546144 20.141634928003),3.0
78,POINT (105.620175862204 20.21229941156974),3.0
79,POINT (105.7628275906584 20.08504266377459),3.0
80,POINT (105.7720563716559 20.09580912855576),3.0
81,POINT (105.727227694466 20.13080368690492),3.0
82,POINT (105.6998221299323 20.16456494801077),3.0
83,POINT (105.687608837093 20.14543711209781),3.0
84,POINT (105.6770185944243 20.11373726632332),3.0
85,POINT (105.586936808399 20.27656306870344),3.0
86,POINT (105.7554268809065 20.09385396644105),3.0
87,POINT (105.6473594979682 20.12463100675103),3.0
88,POINT (105.5996344827427 20.10900919143433),3.0
89,POINT (105.5966269015989 20.23576165478311),3.0
90,POINT (105.741079528325 20.13665435509038),3.0
91,POINT (105.6473593683131 20.12463101757777),3.0
92,POINT (105.6236404799834 20.14642354169096),3.0
93,POINT (105.6615940073344 20.20919574114607),3.0
94,POINT (105.7692884870703 20.16052505353145),3.0
95,POINT (105.7231474287945 20.13346323597576),3.0
96,POINT (105.661720907385 20.19382112910335),3.0
97,POINT (105.6596354055586 20.25763187508462),3.0
98,POINT (105.737138640335 20.11500180973372),3.0
99,POINT (105.7210439744256 20.13639422828275),3.0
100,POINT (105.7147554159414 20.12432658691149),3.0
101,POINT (105.7468454730787 20.12979047564683),3.0
102,POINT (105.7506164501386 20.12988231701666),3.0
103,POINT (105.6500762868082 20.17255858317728),3.0
104,POINT (105.6529047190042 20.12560594734023),3.0
105,POINT (105.7339560815476 20.1125855586361),3.0
106,POINT (105.6069457371158 20.24613396144044),3.0
107,POINT (105.6560220282822 20.2018160262138),3.0
108,POINT (105.6739754360779 20.1290749346705),3.0
109,POINT (105.6110515051884 20.27743909894543),3.0
110,POINT (105.6596352434794 20.25763188986584),3.0
111,POINT (105.6613355490285 20.16288076805743),3.0
112,POINT (105.6069457146069 20.24613387771955),3.0
113,POINT (105.7406470313504 20.0683440432378),3.0
114,POINT (105.7496093522045 20.13749948668991),3.0
115,POINT (105.7511899868113 20.12856823179164),3.0
116,POINT (105.6675586352353 20.19147772925793),3.0
117,POINT (105.5962822768154 20.23558993055195),3.0
118,POINT (105.6787099306195 20.13707701327288),3.0
119,POINT (105.6772194998191 20.08575752842832),3.0
120,POINT (105.6628093540044 20.16332156079555),3.0
121,POINT (105.6084398063023 20.11503661543643),3.0
122,POINT (105.7580633016298 20.09515326613418),3.0
123,POINT (105.7058249894457 20.19254953219626),3.0
124,POINT (105.6530037325465 20.12471931065925),3.0
125,POINT (105.78115053465 20.17066442350743),3.0
126,POINT (105.6162785261401 20.20910021482062),3.0
127,POINT (105.692545450404 20.10959441791711),3.0
128,POINT (105.580235033094 20.25577250064204),3.0
129,POINT (105.6374823074471 20.11316644307036),3.0
130,POINT (105.6584773697437 20.19729234117623),3.0
131,POINT (105.7523150056262 20.12756692421002),3.0
132,POINT (105.6528721333827 20.12562181056332),3.0
133,POINT (105.6716953049104 20.17629963915975),3.0
134,POINT (105.5960298306223 20.23507271187046),3.0
135,POINT (105.6438628138611 20.22261295424492),3.0
136,POINT (105.7198393270565 20.12787352922838),3.0
137,POINT (105.7229483458361 20.12991743275862),3.0
138,POINT (105.586434455934 20.15606116042249),3.0
139,POINT (105.6917314060708 20.08596596051978),3.0
140,POINT (105.8153966427067 20.04846562220791),3.0
141,POINT (105.630744728372 20.10657681822944),3.0
142,POINT (105.5818962753988 20.28158839558368),3.0
143,POINT (105.6728119169899 20.12022309508256),3.0
144,POINT (105.7239306125666 20.15052762549727),3.0
145,POINT (105.615692650521 20.20950203561038),3.0
146,POINT (105.7811505411738 20.17066442616798),3.0
147,POINT (105.6699640388696 20.13846089956867),3.0
148,POINT (105.6539288828824 20.19954024206446),3.0
149,POINT (105.68935042489 20.12892786926537),3.0
150,POINT (105.6762374442213 20.11569508334465),3.0
151,POINT (105.7072741464128 20.11803658276363),3.0
152,POINT (105.6898060278261 20.13908930384442),3.0
153,POINT (105.7455952292639 20.12480394527513),3.0
154,POINT (105.5819490086692 20.28150161831145),3.0
155,POINT (105.7482677847415 20.12487004102819),3.0
156,POINT (105.6991444093344 20.16373340393366),3.0
157,POINT (105.6560412210397 20.22234910303462),3.0
158,POINT (105.6068302472118 20.27658418836926),3.0
159,POINT (105.7407755244915 20.06895864896728),3.0
160,POINT (105.5825251823389 20.2843314996769),3.0
161,POINT (105.7799188482265 20.14351844314446),3.0
162,POINT (105.5997050989914 20.10900769983243),3.0
163,POINT (105.749609614099 20.13749942855066),3.0
164,POINT (105.5478442064103 20.2681831085384),3.0
165,POINT (105.68009301984 20.12637249138396),3.0
166,POINT (105.7372038921933 20.11463026830823),3.0
167,POINT (105.7175694825343 20.14604935423008),3.0
168,POINT (105.7344538307868 20.14862850500788),3.0
169,POINT (105.687249556864 20.14590544422797),3.0
170,POINT (105.6182577386082 20.15981274015611),3.0
171,POINT (105.7058466757491 20.11989987567905),3.0
172,POINT (105.6209992395326 20.15123907882346),3.0
173,POINT (105.7417810028387 20.12198121574472),3.0
174,POINT (105.6730711397461 20.12424286465575),3.0
175,POINT (105.6776272980122 20.08684006686),3.0
176,POINT (105.7743425657162 20.09794154669374),3.0
177,POINT (105.6878673103654 20.13090035010072),3.0
178,POINT (105.6769173226309 20.08436387747761),3.0
179,POINT (105.6848927675042 20.20454727680491),3.0
180,POINT (105.7178694527343 20.12492365446718),3.0
181,POINT (105.7636160360894 20.08566255366575),3.0
182,POINT (105.6789836375204 20.07489838107718),3.0
183,POINT (105.6692361402289 20.12931457905115),3.0
184,POINT (105.6325444032134 20.09805692157348),3.0
185,POINT (105.6523902598699 20.11098927627503),3.0
186,POINT (105.7107437733505 20.14860370258635),3.0
187,POINT (105.6274526125441 20.1017407201275),3.0
188,POINT (105.6337132280999 20.09858312209378),3.0
189,POINT (105.6171838345911 20.11753991631128),3.0
190,POINT (105.6498091729772 20.18375585306404),3.0
191,POINT (105.6080291852208 20.1562983645613),3.0
192,POINT (105.7405440168867 20.12264788238687),3.0
193,POINT (105.6734633279148 20.15613298344684),3.0
194,POINT (105.662567295373 20.16317633764751),3.0
195,POINT (105.7888196313471 20.13642264029147),3.0
196,POINT (105.6296893452882 20.13082466316705),3.0
197,POINT (105.5825253231946 20.28433158388448),3.0
198,POINT (105.6113600959203 20.13486601909929),3.0
199,POINT (105.7870714255558 20.13508125715145),3.0
200,POINT (105.5505250335991 20.27879974940912),3.0
201,POINT (105.7507296977981 20.12398402985346),3.0
202,POINT (105.7747736295744 20.12199420834979),3.0
203,POINT (105.5800621452896 20.2546355983417),3.0
204,POINT (105.7275701985212 20.14741373372101),3.0
205,POINT (105.6657412532078 20.21443986308645),3.0
206,POINT (105.7790514742371 20.10188599729544),3.0
207,POINT (105.7216009978059 20.1289055582448),3.0
208,POINT (105.7611723411854 20.16123894708976),3.0
209,POINT (105.65511171731 20.11460331862529),3.0
210,POINT (105.6798306590513 20.13753484839721),3.0
211,POINT (105.6594727291244 20.19603517423998),3.0
212,POINT (105.6880898951747 20.13058752450286),3.0
213,POINT (105.773404026218 20.09707431247404),3.0
214,POINT (105.6904160222046 20.16630089701989),3.0
215,POINT (105.737442962686 20.11337374949573),3.0
216,POINT (105.6639486385485 20.16110773605191),3.0
217,POINT (105.6204889641788 20.15025002196325),3.0
218,POINT (105.7788110343837 20.10386668084659),3.0
219,POINT (105.779134430251 20.1033893711781),3.0
220,POINT (105.6614600259276 20.16281735925211),3.0
221,POINT (105.6540026675734 20.19956074417216),3.0
222,POINT (105.7059933421083 20.12003988233864),3.0
223,POINT (105.620369660426 20.21265965766579),3.0
224,POINT (105.6800884871994 20.05684494767683),3.0
225,POINT (105.7790113746868 20.11052593889067),3.0
226,POINT (105.6732111931445 20.13757603444388),3.0
227,POINT (105.742378799314 20.14220473560133),3.0
228,POINT (105.6804218459445 20.12505008850487),3.0
229,POINT (105.6467038237289 20.18197565158181),3.0
230,POINT (105.6319584256466 20.09842548799457),3.0
231,POINT (105.7776304544349 20.0980027076168),3.0
232,POINT (105.6492864352877 20.18403331797361),3.0
233,POINT (105.7781214189447 20.09822546279471),3.0
234,POINT (105.6939170914647 20.12281916995742),3.0
235,POINT (105.689715247844 20.13939101061876),3.0
236,POINT (105.603462371483 20.2378816784461),3.0
237,POINT (105.6873215750784 20.13184492258329),3.0
238,POINT (105.6379559219395 20.21330801724925),3.0
239,POINT (105.7372192541233 20.11436433420893),3.0
240,POINT (105.6343560705241 20.13928594107617),3.0
241,POINT (105.6153770006302 20.23386982510315),3.0
242,POINT (105.6811744908538 20.09223594967174),3.0
243,POINT (105.7135529961735 20.1107794939919),3.0
244,POINT (105.7092852242255 20.1500173706606),3.0
245,POINT (105.7528939283352 20.12695037140297),3.0
246,POINT (105.5495819702548 20.26928599123797),3.0
247,POINT (105.7372192574251 20.11436435508561),3.0
248,POINT (105.7460285104571 20.12484744833203),3.0
249,POINT (105.5880626636653 20.27655868688978),3.0
250,POINT (105.7494848034072 20.13045729327086),3.0
251,POINT (105.7393902842861 20.14630557619837),3.0
252,POINT (105.7221834811708 20.13405403466778),3.0
253,POINT (105.5962352643785 20.23543431022904),3.0
254,POINT (105.845577580184 20.04597891608138),3.0
255,POINT (105.7785926949668 20.10996967855656),3.0
256,POINT (105.6705233711727 20.17658836616635),3.0
257,POINT (105.6986990156671 20.07496200906808),3.0
258,POINT (105.6947987258212 20.20629734060619),3.0
259,POINT (105.6035703011695 20.23805162581706),3.0
260,POINT (105.6916486866943 20.08601469807143),3.0
261,POINT (105.740780205824 20.06889660480907),3.0
262,POINT (105.7728496062999 20.12688255032249),3.0
263,POINT (105.7020310665861 20.09741718264856),3.0
264,POINT (105.7514988518377 20.12831427203881),3.0
265,POINT (105.7211951625568 20.13749440008612),3.0
266,POINT (105.751120062375 20.08794231273928),3.0
267,POINT (105.6905995403314 20.04058993808656),3.0
268,POINT (105.7622718096548 20.09725450623966),3.0
269,POINT (105.7428855200147 20.12234845834508),3.0
270,POINT (105.6776325342729 20.1341356610464),3.0
271,POINT (105.7602374935252 20.0956706570504),3.0
272,POINT (105.7407807189099 20.15859152489366),3.0
273,POINT (105.7486488144511 20.12961671996246),3.0
274,POINT (105.637927942554 20.21346091965717),3.0
275,POINT (105.6700020525503 20.12729306792375),3.0
276,POINT (105.7020062056291 20.20357713370145),3.0
277,POINT (105.7790448668604 20.10146265817443),3.0
278,POINT (105.7685575919287 20.09284355489144),3.0
279,POINT (105.5731935150084 20.26899960790167),3.0
280,POINT (105.6299682566904 20.10054528823244),3.0
281,POINT (105.6903623687386 20.13853176063281),3.0
282,POINT (105.5751591006921 20.25085882716467),3.0
283,POINT (105.7302797526988 20.15010465649559),3.0
284,POINT (105.6702353332475 20.17251027223988),3.0
285,POINT (105.6776325060814 20.1341356629813),3.0
286,POINT (105.6050952889427 20.12323768227052),3.0
287,POINT (105.6209033341158 20.11117805562214),3.0
288,POINT (105.7410795286999 20.13665435424894),3.0
289,POINT (105.6639486347428 20.16110775497081),3.0
290,POINT (105.739628382135 20.06745771888766),3.0
291,POINT (105.7533516603799 20.12612672959748),3.0
292,POINT (105.7520594548725 20.09044130836499),3.0
293,POINT (105.6787628330081 20.13217794085414),3.0
294,POINT (105.5857989887729 20.15608789854151),3.0
295,POINT (105.5748444386271 20.25070215502011),3.0
296,POINT (105.6095318548532 20.13761647532751),3.0
297,POINT (105.768864995478 20.11757604795412),3.0
298,POINT (105.5835281654467 20.26599855839526),3.0
299,POINT (105.6099000585791 20.14338203144949),3.0
300,POINT (105.7551021520135 20.0936045101172),3.0
301,POINT (105.7624051567435 20.10123798061993),3.0
302,POINT (105.6646043342564 20.15968152847308),3.0
303,POINT (105.7630605458728 20.08263054062824),3.0
304,POINT (105.7188035582525 20.14637793668504),3.0
305,POINT (105.6507524570232 20.13377146642332),3.0
306,POINT (105.6395919117024 20.21656795768408),3.0
307,POINT (105.5985476201145 20.23624487589947),3.0
308,POINT (105.7454483741092 20.12460365408462),3.0
309,POINT (105.5986131744625 20.2362980690884),3.0
310,POINT (105.7523678368466 20.12444777940984),3.0
311,POINT (105.6795776905639 20.13281622931079),3.0
312,POINT (105.6204296826467 20.15042373963354),3.0
313,POINT (105.67339285909 20.15569596952483),3.0
314,POINT (105.7754674521388 20.0977151522201),3.0
315,POINT (105.7461503319669 20.13073656180181),3.0
316,POINT (105.595144369339 20.23406929921698),3.0
317,POINT (105.7275702317894 20.14741371124983),3.0
318,POINT (105.7512758172669 20.08900006416489),3.0
319,POINT (105.765406535361 20.08681890406869),3.0
320,POINT (105.6214530050573 20.11215519646784),3.0
321,POINT (105.6032891936061 20.23726749542727),3.0
322,POINT (105.6935253234714 20.1233270055807),3.0
323,POINT (105.6231921422022 20.2131318099071),3.0
324,POINT (105.6694065921381 20.14138189805912),3.0
325,POINT (105.620901249909 20.11136756309191),3.0
326,POINT (105.7450135432911 20.07136477226733),3.0
327,POINT (105.7372192474493 20.11436431872202),3.0
328,POINT (105.6752569257514 20.12071275642123),3.0
329,POINT (105.6974873282489 20.17063541856665),3.0
330,POINT (105.6733928320374 20.15569589022612),3.0
331,POINT (105.7407575005376 20.1598737551014),3.0
332,POINT (105.6814626214706 20.13606679335882),3.0
333,POINT (105.7498987849022 20.12413814505917),3.0
334,POINT (105.6079173500891 20.15618358347422),3.0
335,POINT (105.7535687518396 20.12574409850301),3.0
336,POINT (105.585647347564 20.27060403890484),3.0
337,POINT (105.5697379126286 20.25285281629724),3.0
338,POINT (105.767453285105 20.0877462320598),3.0
339,POINT (105.6412165756772 20.13289678729632),3.0
340,POINT (105.6006801681143 20.15544765049154),3.0
341,POINT (105.6978364178408 20.12506193847857),3.0
342,POINT (105.6906498088614 20.12728156872195),3.0
343,POINT (105.7394699575015 20.06652620716656),3.0
344,POINT (105.5772620201942 20.28524633760174),3.0
345,POINT (105.6782996290031 20.07604857000454),3.0
346,POINT (105.6762023451929 20.1155236125289),3.0
347,POINT (105.6267220368749 20.1249764037976),3.0
348,POINT (105.6662444817078 20.18505522748005),3.0
349,POINT (105.6431017329536 20.18178227453623),3.0
350,POINT (105.7409439749599 20.06880667403795),3.0
351,POINT (105.6283143882541 20.11403650417456),3.0
352,POINT (105.7538045819066 20.12542481501097),3.0
353,POINT (105.6223897504087 20.21369357197729),3.0
354,POINT (105.6938400769239 20.12250748944855),3.0
355,POINT (105.5438540486956 20.29448109940057),3.0
356,POINT (105.6700020689617 20.12729304637815),3.0
357,POINT (105.7757658897391 20.09779581885431),3.0
358,POINT (105.7775455874758 20.11938451966779),3.0
359,POINT (105.607484158676 20.23437268767027),3.0
360,POINT (105.6700020262382 20.12729318704908),3.0
361,POINT (105.6623469587514 20.19457487117089),3.0
362,POINT (105.6815639660091 20.13630000828569),3.0
363,POINT (105.7403899670914 20.07594279763313),3.0
364,POINT (105.7285568679969 20.14580455766232),3.0
365,POINT (105.675329188734 20.12984531453005),3.0
366,POINT (105.7589157483263 20.09483150016388),3.0
367,POINT (105.6203553687817 20.21080103166253),3.0
368,POINT (105.608524219944 20.11365341429939),3.0
369,POINT (105.5761255135097 20.29119630158144),3.0
370,POINT (105.7728442294237 20.12688421273003),3.0
371,POINT (105.6709886124721 20.13897541974508),3.0
372,POINT (105.7197554853118 20.14882480389824),3.0
373,POINT (105.6072922429684 20.23444148046607),3.0
374,POINT (105.7625190685403 20.08091701068178),3.0
375,POINT (105.5429367407806 20.29450033964055),3.0
376,POINT (105.6908608782569 20.16274355180916),3.0
377,POINT (105.7496093832524 20.13749946566131),3.0
378,POINT (105.7201058485661 20.12792107214166),3.0
379,POINT (105.7526074191146 20.09098101012526),3.0
380,POINT (105.7502851143613 20.08588393162719),3.0
381,POINT (105.6268190631277 20.12703996842886),3.0
382,POINT (105.7281018007515 20.14708426159192),3.0
383,POINT (105.781150519357 20.17066440696292),3.0
384,POINT (105.6398165225559 20.12943866503008),3.0
385,POINT (105.6615940177455 20.20919582615589),3.0
386,POINT (105.608291297353 20.14754283569102),3.0
387,POINT (105.745608565927 20.12475951922062),3.0
388,POINT (105.6662445568702 20.18505525717332),3.0
389,POINT (105.5861196207617 20.28350012369375),3.0
390,POINT (105.7718781194405 20.09578771301742),3.0
391,POINT (105.5552144346459 20.26302744396019),3.0
392,POINT (105.6775863834393 20.08668928064426),3.0
393,POINT (105.7342440334553 20.14802408191627),3.0
394,POINT (105.7397319611982 20.14596365797747),3.0
395,POINT (105.7016911074381 20.17330663280441),3.0
396,POINT (105.6730327571596 20.15405418494413),3.0
397,POINT (105.8455738308991 20.04624591938937),3.0
398,POINT (105.5850406151468 20.28238967286901),3.0
399,POINT (105.6070726822231 20.12401035667029),3.0
400,POINT (105.6570989498828 20.21106621093209),3.0
401,POINT (105.6880574294938 20.13675381055261),3.0
402,POINT (105.6784644134688 20.1277849247675),3.0
403,POINT (105.6795779259501 20.13281630628136),3.0
404,POINT (105.6072669704737 20.23441965194572),3.0
405,POINT (105.6283081020286 20.21199373847113),3.0
406,POINT (105.6896300962954 20.13962704381249),3.0
407,POINT (105.6451521225302 20.13394249624453),3.0
408,POINT (105.6254512643636 20.11294692849426),3.0
409,POINT (105.6739755802387 20.22987607911835),3.0
410,POINT (105.7329377577001 20.1405624447283),3.0
411,POINT (105.7686766690589 20.09312575668803),3.0
412,POINT (105.6978364763242 20.12506184964272),3.0
413,POINT (105.7680784985152 20.08858313624678),3.0
414,POINT (105.5214932166261 20.30747449983966),3.0
415,POINT (105.6963232235733 20.01316438801747),3.0
416,POINT (105.6471843330147 20.12333377956623),3.0
417,POINT (105.5608044911686 20.27665315045096),3.0
418,POINT (105.6870270397777 20.12275410904244),3.0
419,POINT (105.6299683284886 20.10054517991577),3.0
420,POINT (105.6792682426672 20.13259763754658),3.0
421,POINT (105.5481453718445 20.26845845661243),3.0
422,POINT (105.7392123714915 20.14816096881465),3.0
423,POINT (105.6435683921066 20.22258816843034),3.0
424,POINT (105.6925454493963 20.10959442039305),3.0
425,POINT (105.6674569581884 20.17331159634662),3.0
426,POINT (105.688174922121 20.13054988087123),3.0
427,POINT (105.7344228930038 20.14866017988127),3.0
428,POINT (105.6068706431807 20.12401985579533),3.0
429,POINT (105.7511192063873 20.08793927734478),3.0
430,POINT (105.6739850260806 20.22999052972609),3.0
431,POINT (105.6753638594593 20.20356885828875),3.0
432,POINT (105.5958718857706 20.23492628428021),3.0
433,POINT (105.5815180962624 20.27984057403834),3.0
434,POINT (105.6918467644749 20.12587955512681),3.0
435,POINT (105.5761255235604 20.29119625923879),3.0
436,POINT (105.6422289682735 20.1178626974945),3.0
437,POINT (105.5479164698863 20.26817275887967),3.0
438,POINT (105.7624711024731 20.10127269380891),3.0
439,POINT (105.6727603618542 20.14423738019601),3.0
440,POINT (105.7680960926457 20.09192919324874),3.0
441,POINT (105.7624710948346 20.10127269386315),3.0
442,POINT (105.7234199539413 20.13011254893205),3.0
443,POINT (105.7888195372269 20.13642264457931),3.0
444,POINT (105.7788993966641 20.10375186566475),3.0
445,POINT (105.5771890809943 20.28543609525351),3.0
446,POINT (105.753809659412 20.12505488354193),3.0
447,POINT (105.6574255497943 20.19840540311709),3.0
448,POINT (105.608439793561 20.11503664829928),3.0
449,POINT (105.7779405920459 20.09811656445961),3.0
450,POINT (105.6261183898398 20.14308444700854),3.0
451,POINT (105.5520195932107 20.28094582996281),3.0
452,POINT (105.73589825953 20.08389847379543),3.0
453,POINT (105.7603367994549 20.12544475156429),3.0
454,POINT (105.7629441156881 20.08285008853872),3.0
455,POINT (105.7502105518154 20.13053414956907),3.0
456,POINT (105.7783600992292 20.09834693910559),3.0
457,POINT (105.6480287545848 20.12457700437636),3.0
458,POINT (105.6716740881306 20.22647399127563),3.0
459,POINT (105.6167990453866 20.26730056212556),3.0
460,POINT (105.6343561291682 20.13928604914445),3.0
461,POINT (105.5536643437475 20.2644355795981),3.0
462,POINT (105.6812515368744 20.1869912927291),3.0
463,POINT (105.7622570853505 20.0966162402753),3.0
464,POINT (105.6558566305935 20.22203868183138),3.0
465,POINT (105.6684321591425 20.13069425628263),3.0
466,POINT (105.5482847051263 20.26875930001419),3.0
467,POINT (105.6219919230117 20.10956477420535),3.0
468,POINT (105.7641157197569 20.11107420860352),3.0
469,POINT (105.5952586796612 20.23421217235503),3.0
470,POINT (105.6906501093508 20.16482219552141),3.0
471,POINT (105.756134542678 20.10731897448819),3.0
472,POINT (105.7496094403592 20.13749944512345),3.0
473,POINT (105.7367841620124 20.11627289896306),3.0
474,POINT (105.6963232119967 20.01316440451239),3.0
475,POINT (105.7243030767924 20.15019926369371),3.0
476,POINT (105.6951117415249 20.20624820982781),3.0
477,POINT (105.7392290686388 20.13335688380587),3.0
478,POINT (105.6734633193771 20.15613303290368),3.0
479,POINT (105.679268238309 20.13259763290472),3.0
480,POINT (105.7210315313996 20.13575200417684),3.0
481,POINT (105.732937797883 20.14056243884564),3.0
482,POINT (105.7388709370027 20.14709132640867),3.0
483,POINT (105.7014714257718 20.06631465961713),3.0
484,POINT (105.6925454482471 20.10959442875962),3.0
485,POINT (105.6978363933515 20.1250619894776),3.0
486,POINT (105.549942877484 20.28367259391013),3.0
487,POINT (105.7506204960247 20.12990558573578),3.0
488,POINT (105.6501312975167 20.17243167092956),3.0
489,POINT (105.7359254586835 20.11241514647265),3.0
490,POINT (105.7200955648239 20.12789768400085),3.0
491,POINT (105.7751223963541 20.1170581864702),3.0
492,POINT (105.7730857188772 20.09692397492628),3.0
493,POINT (105.7622455571559 20.09717247477797),3.0
494,POINT (105.7785331996847 20.10462237333361),3.0
495,POINT (105.7058465134085 20.11989984648238),3.0
496,POINT (105.7453669076085 20.12335642348675),3.0
497,POINT (105.7058250229007 20.19254932238213),3.0
498,POINT (105.5862233741064 20.28335898646854),3.0
499,POINT (105.7058249696024 20.19254956158094),3.0
500,POINT (105.7785064377023 20.09846120172977),3.0
501,POINT (105.7686253687092 20.08946112422945),3.0
502,POINT (105.6702275560901 20.17652653635134),3.0
503,POINT (105.6162641842773 20.20909316341649),3.0
504,POINT (105.8455775262777 20.04597906806565),3.0
505,POINT (105.6811745288338 20.09223601694308),3.0
506,POINT (105.7408447440724 20.06880349449498),3.0
507,POINT (105.7533433778748 20.12620252611504),3.0
508,POINT (105.7552581404555 20.15893293881427),3.0
509,POINT (105.6555049922317 20.16295231342732),3.0
510,POINT (105.6543873052858 20.13223829678365),3.0
511,POINT (105.7408874854569 20.16008434302291),3.0
512,POINT (105.7545909220731 20.09310199336931),3.0
513,POINT (105.750857214284 20.12901462170706),3.0
514,POINT (105.6162838780595 20.26836643406352),3.0
515,POINT (105.6993289515978 20.19919395204202),3.0
516,POINT (105.689895385458 20.13881053815267),3.0
517,POINT (105.6310703910326 20.21434801511747),3.0
518,POINT (105.6714985562263 20.17587085871556),3.0
519,POINT (105.6203248739081 20.21065495464044),3.0
520,POINT (105.7671250021581 20.08742757361395),3.0
521,POINT (105.682197748083 20.12590259306257),3.0
522,POINT (105.6613164319223 20.16288383720157),3.0
523,POINT (105.6337132250497 20.0985831210155),3.0
524,POINT (105.6896291526309 20.13962807076035),3.0
525,POINT (105.6811744606302 20.09223591813069),3.0
526,POINT (105.7105313720422 20.12260872796856),3.0
527,POINT (105.7269122697196 20.14615679119478),3.0
528,POINT (105.7415638446898 20.12208506364649),3.0
529,POINT (105.6769172873495 20.08436381161674),3.0
530,POINT (105.7619527905444 20.07979178410792),3.0
531,POINT (105.7503379738853 20.12403142097749),3.0
532,POINT (105.7473768783812 20.12483670366053),3.0
533,POINT (105.749829482277 20.13058907427457),3.0
534,POINT (105.7503126112238 20.12402590087831),3.0
535,POINT (105.6736832959957 20.12500003738085),3.0
536,POINT (105.691633097068 20.12608647638904),3.0
537,POINT (105.7016110572842 20.06615157114935),3.0
538,POINT (105.6903801783361 20.12759764701502),3.0
539,POINT (105.6682665827658 20.18939764725252),3.0
540,POINT (105.7722627633695 20.09598426141415),3.0
541,POINT (105.6032869204835 20.23722099874179),3.0
542,POINT (105.7394699586855 20.066526229681),3.0
543,POINT (105.638231244552 20.21379137861454),3.0
544,POINT (105.6805654334279 20.13685094134588),3.0
545,POINT (105.6797981230261 20.13301819175263),3.0
546,POINT (105.7627468694086 20.08314533675041),3.0
547,POINT (105.7076725384807 20.1664459675531),3.0
548,POINT (105.6082913263255 20.14754275623725),3.0
549,POINT (105.7501948977763 20.13407235970995),3.0
550,POINT (105.7531206959243 20.12477256418084),3.0
551,POINT (105.66280926154 20.16332153606345),3.0
552,POINT (105.7034865421676 20.16149295114668),3.0
553,POINT (105.6579417510673 20.19837707478468),3.0
554,POINT (105.7795298873569 20.16517958868482),3.0
555,POINT (105.7441867117887 20.07001409770331),3.0
556,POINT (105.7528957391717 20.12692058216058),3.0
557,POINT (105.771193127697 20.09542151256405),3.0
558,POINT (105.6763208105677 20.12642239764847),3.0
559,POINT (105.6444688403633 20.11663911555328),3.0
560,POINT (105.7680578607212 20.1304494606966),3.0
561,POINT (105.705534338342 20.20393647806745),3.0
562,POINT (105.6612740645387 20.23977020724816),3.0
563,POINT (105.5831765136049 20.26601467746935),3.0
564,POINT (105.7076242254215 20.06356200164016),3.0
565,POINT (105.7665597114117 20.08712978172927),3.0
566,POINT (105.6905179410973 20.16638384180467),3.0
567,POINT (105.7177788337622 20.14589598586237),3.0
568,POINT (105.7604848493882 20.07999292881693),3.0
569,POINT (105.7272285900905 20.13080817226972),3.0
570,POINT (105.6917666528185 20.16699084428834),3.0
571,POINT (105.5214933628567 20.3074745178709),3.0
572,POINT (105.7598009343849 20.08023483416464),3.0
573,POINT (105.6200335887191 20.2102456665965),3.0
574,POINT (105.6784595470161 20.13381826424419),3.0
575,POINT (105.6616774198798 20.1938044733038),3.0
576,POINT (105.630532942393 20.14410683458968),3.0
577,POINT (105.6238957263193 20.14607135450852),3.0
578,POINT (105.6631110585956 20.17477744979425),3.0
579,POINT (105.7076242515971 20.06356199511449),3.0
580,POINT (105.7487510053878 20.1323017718548),3.0
581,POINT (105.6090327793997 20.14646446443129),3.0
582,POINT (105.7725033157879 20.11925707048831),3.0
583,POINT (105.6761696265403 20.11282354010496),3.0
584,POINT (105.5959228260557 20.23495713608395),3.0
585,POINT (105.5956423300698 20.23469668716469),3.0
586,POINT (105.6558632831347 20.22201044496422),3.0
587,POINT (105.7650481514513 20.0866557625887),3.0
588,POINT (105.7726060348877 20.09619300543617),3.0
589,POINT (105.6628093345729 20.1633215512759),3.0
590,POINT (105.7638716893574 20.08599716984586),3.0
591,POINT (105.6283143395657 20.11403651161186),3.0
592,POINT (105.752322644863 20.09072932737416),3.0
593,POINT (105.6919046996397 20.12579918188953),3.0
594,POINT (105.736811867994 20.11621420608548),3.0
595,POINT (105.6110515938086 20.27743920045044),3.0
596,POINT (105.7713185140783 20.12840490525865),3.0
597,POINT (105.5856399645175 20.27346437515953),3.0
598,POINT (105.6925337729999 20.10964189748148),3.0
599,POINT (105.6874389235742 20.13155827281707),3.0
600,POINT (105.6736893390815 20.1248057293335),3.0
601,POINT (105.6985925459768 20.09024780344192),3.0
602,POINT (105.5495903130269 20.27192639981605),3.0
603,POINT (105.736813390921 20.11598809562631),3.0
604,POINT (105.5479319090278 20.26810864492469),3.0
605,POINT (105.6782996331536 20.07604856197945),3.0
606,POINT (105.7738908318538 20.09713599316105),3.0
607,POINT (105.775978784013 20.09793282187739),3.0
608,POINT (105.7529092525905 20.0857667412007),3.0
609,POINT (105.5868098859171 20.27356288991322),3.0
610,POINT (105.6756213890799 20.12963016558771),3.0
611,POINT (105.6087160986428 20.14665445515157),3.0
612,POINT (105.7511913960297 20.088490462127),3.0
613,POINT (105.7676766026281 20.0880520059871),3.0
614,POINT (105.7755066149883 20.1282512402305),3.0
615,POINT (105.7625785808973 20.081277215653),3.0
616,POINT (105.7691129797182 20.11773915577457),3.0
617,POINT (105.7794327263969 20.10114403938481),3.0
618,POINT (105.6337132132285 20.09858311310321),3.0
619,POINT (105.5503909508638 20.27722864201915),3.0
620,POINT (105.6493919440509 20.12462733559818),3.0
621,POINT (105.7752042191213 20.09770023251144),3.0
622,POINT (105.6765774821783 20.11333612258193),3.0
623,POINT (105.6379559030094 20.21330795393645),3.0
624,POINT (105.7518481291959 20.12395667428059),3.0
625,POINT (105.7692268283689 20.13101118665688),3.0
626,POINT (105.7461032050049 20.13042108721374),3.0
627,POINT (105.7464463907337 20.12991396623355),3.0
628,POINT (105.722240598796 20.12921120431498),3.0
629,POINT (105.8455775206125 20.04597913035454),3.0
630,POINT (105.568151595364 20.26334186059884),3.0
631,POINT (105.7205939736298 20.12754993670036),3.0
632,POINT (105.763647107699 20.08584499586951),3.0
633,POINT (105.738409155991 20.15697282046065),3.0
634,POINT (105.6997598441787 20.09303851397002),3.0
635,POINT (105.6442818918112 20.26119396755738),3.0
636,POINT (105.751390619045 20.08932418741692),3.0
637,POINT (105.7620957616985 20.08432088955432),3.0
638,POINT (105.6743248284474 20.1439771425334),3.0
639,POINT (105.759175364788 20.11115139643676),3.0
640,POINT (105.6930456043979 20.20238143589138),3.0
641,POINT (105.6916486787958 20.08601470712055),3.0
642,POINT (105.7404660066455 20.13177567955164),3.0
643,POINT (105.6107699732794 20.27692399027243),3.0
644,POINT (105.7762806705321 20.09790796625315),3.0
645,POINT (105.7525362285516 20.0858826057706),3.0
646,POINT (105.6588533825246 20.16092769094142),3.0
647,POINT (105.6987145249472 20.17027133629976),3.0
648,POINT (105.6500763213313 20.17255853011725),3.0
649,POINT (105.6338988681116 20.14130309528495),3.0
650,POINT (105.7678800015989 20.08830782144193),3.0
651,POINT (105.666504039468 20.12818335582174),3.0
652,POINT (105.6247767675259 20.12221937433826),3.0
653,POINT (105.7626697062174 20.08199506564309),3.0
654,POINT (105.7221041057759 20.13452649115327),3.0
655,POINT (105.7515388912229 20.12396087755658),3.0
656,POINT (105.6903445053226 20.16647853163315),3.0
657,POINT (105.7635293278938 20.08544418524038),3.0
658,POINT (105.6435715677251 20.18126012872402),3.0
659,POINT (105.7034793143361 20.16146386442895),3.0
660,POINT (105.6776810500775 20.08622158673142),3.0
661,POINT (105.6640160897987 20.23202439110059),3.0
662,POINT (105.6209635637575 20.15177204146968),3.0
663,POINT (105.7802257098336 20.11193949739188),3.0
664,POINT (105.5736103277063 20.24984405123571),3.0
665,POINT (105.7789102299835 20.10489045680565),3.0
666,POINT (105.5761255210063 20.29119628182436),3.0
667,POINT (105.6700020397529 20.12729309811738),3.0
668,POINT (105.6299683295758 20.10054517559866),3.0
669,POINT (105.6766150034559 20.11354610447815),3.0
670,POINT (105.5542287010941 20.26095014014228),3.0
671,POINT (105.751055766576 20.13447144354842),3.0
672,POINT (105.6737323344445 20.12478184554335),3.0
673,POINT (105.6005501249494 20.10941302143409),3.0
674,POINT (105.6500763613212 20.17255849332315),3.0
675,POINT (105.6500763885527 20.17255845147418),3.0
676,POINT (105.7393902342855 20.14630570317856),3.0
677,POINT (105.6693873062571 20.12848846970757),3.0
678,POINT (105.7369372681065 20.11537983386838),3.0
679,POINT (105.7501703672718 20.0853606817927),3.0
680,POINT (105.7239223764223 20.10781928271281),3.0
681,POINT (105.7275700966604 20.14741389448535),3.0
682,POINT (105.6750657286043 20.1299010426643),3.0
683,POINT (105.7413506567154 20.06857978103261),3.0
684,POINT (105.6555636106156 20.16301649740076),3.0
685,POINT (105.7696254911306 20.09511126301266),3.0
686,POINT (105.75047668709 20.13028109418572),3.0
687,POINT (105.5759992971278 20.29040689593886),3.0
688,POINT (105.687175777448 20.13267149484615),3.0
689,POINT (105.6908755158544 20.16311518877209),3.0
690,POINT (105.6897168942115 20.1394017463501),3.0
691,POINT (105.6110515193609 20.27743911217242),3.0
692,POINT (105.7622569890424 20.07997350529005),3.0
693,POINT (105.656309008771 20.19920613641877),3.0
694,POINT (105.6214139366633 20.11213566180168),3.0
695,POINT (105.6422339697783 20.1177050336078),3.0
696,POINT (105.6761696136461 20.11282353311567),3.0
697,POINT (105.6202003298366 20.1138886124954),3.0
698,POINT (105.6639486360414 20.16110768744829),3.0
699,POINT (105.5850097814959 20.27217202154173),3.0
700,POINT (105.6210729418254 20.15261480224006),3.0
701,POINT (105.7578921787376 20.0951620003609),3.0
702,POINT (105.7371409439017 20.11473173590704),3.0
703,POINT (105.739846797733 20.06785049009906),3.0
704,POINT (105.6798333240096 20.1375525886004),3.0
705,POINT (105.778973529089 20.09947508519376),3.0
706,POINT (105.6559321499931 20.21841579831704),3.0
707,POINT (105.6782996312593 20.07604856452153),3.0
708,POINT (105.6773288919071 20.11379525680349),3.0
709,POINT (105.7525858772948 20.12728263721957),3.0
710,POINT (105.6480021160389 20.12407097281346),3.0
711,POINT (105.6109903403772 20.13722023563039),3.0
712,POINT (105.5857990641521 20.15608793516329),3.0
713,POINT (105.6935759859481 20.20493345365128),3.0
714,POINT (105.5960714691054 20.23510177515107),3.0
715,POINT (105.6428340762401 20.11565474138931),3.0
716,POINT (105.6704991910755 20.17301549416585),3.0
717,POINT (105.5949063809672 20.23376277864095),3.0
718,POINT (105.5964201702917 20.23573298556475),3.0
719,POINT (105.7393969104388 20.14758249960072),3.0
720,POINT (105.685620620496 20.20433248754618),3.0
721,POINT (105.6802078450029 20.09152109919539),3.0
722,POINT (105.6926596749459 20.1246608543481),3.0
723,POINT (105.7792116902712 20.10317749796508),3.0
724,POINT (105.7685918034752 20.09294642517699),3.0
725,POINT (105.7543532562988 20.10515215085897),3.0
726,POINT (105.7739643212581 20.12318636987169),3.0
727,POINT (105.7803925563435 20.10643087499921),3.0
728,POINT (105.5815588850049 20.27967348771198),3.0
729,POINT (105.6645162657794 20.23310847962908),3.0
730,POINT (105.6883507840697 20.1302515029928),3.0
731,POINT (105.7794779455793 20.10117282602871),3.0
732,POINT (105.7805829682843 20.11242726956027),3.0
733,POINT (105.6764883033574 20.12645733503222),3.0
734,POINT (105.6693661104915 20.12925680363876),3.0
735,POINT (105.5604670201526 20.27737567890443),3.0
736,POINT (105.7746608819928 20.09791674390454),3.0
737,POINT (105.767847607365 20.13054076879229),3.0
738,POINT (105.7405933931448 20.06829312881219),3.0
739,POINT (105.6201496436136 20.21034064521631),3.0
740,POINT (105.6916630593121 20.12604584424208),3.0
741,POINT (105.5995366137749 20.15544757899929),3.0
742,POINT (105.6136569386112 20.12111316975998),3.0
743,POINT (105.6789456558199 20.13187725877024),3.0
744,POINT (105.6084397854434 20.11503671579681),3.0
745,POINT (105.6660092291074 20.21457647276247),3.0
746,POINT (105.6480038243224 20.12413219484666),3.0
747,POINT (105.6978810052155 20.12429329960731),3.0
748,POINT (105.6221219487426 20.10953482447672),3.0
749,POINT (105.763541829531 20.08543590235492),3.0
750,POINT (105.7023985709875 20.16353211443348),3.0
751,POINT (105.6452249366216 20.13473224013899),3.0
752,POINT (105.6957593476884 20.08918880569971),3.0
753,POINT (105.6654587244465 20.21344408654769),3.0
754,POINT (105.6107157136639 20.12071044129754),3.0
755,POINT (105.5214933036179 20.30747452360019),3.0
756,POINT (105.7531662286692 20.12662968370286),3.0
757,POINT (105.6929675011762 20.12379654494866),3.0
758,POINT (105.5764433974856 20.26997528471513),3.0
759,POINT (105.7273194089234 20.1310653417818),3.0
760,POINT (105.6628092553501 20.16332153303148),3.0
761,POINT (105.6692687521661 20.12836645834552),3.0
762,POINT (105.7650711406159 20.08669028999839),3.0
763,POINT (105.7329378025181 20.14056244033066),3.0
764,POINT (105.6440502767476 20.1816536256242),3.0
765,POINT (105.659635284754 20.25763187818609),3.0
766,POINT (105.5986966300947 20.15516646028682),3.0
767,POINT (105.6183442473794 20.2336027484606),3.0
768,POINT (105.6776323802965 20.13413561483883),3.0
769,POINT (105.7622716110008 20.09745895150268),3.0
770,POINT (105.6969194650006 20.17019399752157),3.0
771,POINT (105.7794178644735 20.10088449259905),3.0
772,POINT (105.7621186441344 20.1292015038771),3.0
773,POINT (105.7442623057446 20.06979485462838),3.0
774,POINT (105.6920234810588 20.08322559954268),3.0
775,POINT (105.6253467810161 20.11082428025733),3.0
776,POINT (105.5674060028624 20.25972998965413),3.0
777,POINT (105.6566905119572 20.18272396420316),3.0
778,POINT (105.5683086544541 20.26299880116656),3.0
779,POINT (105.675421569585 20.12459685172803),3.0
780,POINT (105.7622612698559 20.0974109804119),3.0
781,POINT (105.7537899848605 20.12506749931342),3.0
782,POINT (105.7507074745927 20.12941985037786),3.0
783,POINT (105.7658353063657 20.08685106805091),3.0
784,POINT (105.7021494263523 20.09760750112834),3.0
785,POINT (105.6789181945669 20.1370453166566),3.0
786,POINT (105.7711519481613 20.09545891403146),3.0
787,POINT (105.760872982777 20.07988878508444),3.0
788,POINT (105.61198994392 20.26957548665729),3.0
789,POINT (105.6872495311787 20.14590549851475),3.0
790,POINT (105.6901068063424 20.12787353605258),3.0
791,POINT (105.7798352812971 20.11154022817901),3.0
792,POINT (105.6789455960491 20.13187721733227),3.0
793,POINT (105.7396230159326 20.13700094372544),3.0
794,POINT (105.6684321837231 20.13069418645494),3.0
795,POINT (105.7794470207311 20.1110660151005),3.0
796,POINT (105.5962253755498 20.23522588750947),3.0
797,POINT (105.7888195736236 20.13642264853446),3.0
798,POINT (105.6894998363247 20.13997757158249),3.0
799,POINT (105.6897545123532 20.20264357080832),3.0
800,POINT (105.6798203821933 20.13165037258507),3.0
801,POINT (105.6663993503512 20.12864599379914),3.0
802,POINT (105.6615940368669 20.20919589373943),3.0
803,POINT (105.6621737034624 20.24180448325406),3.0
804,POINT (105.6963232233099 20.01316438866012),3.0
805,POINT (105.6076781777725 20.14240995189418),3.0
806,POINT (105.662173643776 20.24180446600236),3.0
807,POINT (105.7521052886057 20.12776977900448),3.0
808,POINT (105.6089562671053 20.235186806961),3.0
809,POINT (105.7778709444988 20.12622132648393),3.0
810,POINT (105.7494182306492 20.08474008439526),3.0
811,POINT (105.6598840125689 20.17859098647083),3.0
812,POINT (105.7711912931704 20.09544872171691),3.0
813,POINT (105.7588964543878 20.08138230462835),3.0
814,POINT (105.662335652489 20.23659520268152),3.0
815,POINT (105.7774542594887 20.11938475001881),3.0
816,POINT (105.7412202544988 20.12222849750642),3.0
817,POINT (105.8508483183885 20.06668930156977),3.0
818,POINT (105.7596797634545 20.09503328560743),3.0
819,POINT (105.6878614442835 20.1309306223151),3.0
820,POINT (105.7689273669629 20.09349490530558),3.0
821,POINT (105.7581654427907 20.12631532458626),3.0
822,POINT (105.6643695643154 20.16000968009218),3.0
823,POINT (105.7622544627527 20.09774143244967),3.0
824,POINT (105.6300648365843 20.14459556810979),3.0
825,POINT (105.7535102104422 20.12483248247401),3.0
826,POINT (105.6559487185601 20.20181460110932),3.0
827,POINT (105.5862324609652 20.28328971339601),3.0
828,POINT (105.6076596606942 20.10865296846599),3.0
829,POINT (105.7638475555457 20.11094898283103),3.0
830,POINT (105.6019407014586 20.23678017178911),3.0
831,POINT (105.7623479007406 20.08451879324436),3.0
832,POINT (105.5658120417363 20.25472462500657),3.0
833,POINT (105.5761254822951 20.29119634598613),3.0
834,POINT (105.6628033665072 20.19271203196278),3.0
835,POINT (105.6996475444596 20.19991060976059),3.0
836,POINT (105.5740243730307 20.25035147123178),3.0
837,POINT (105.6895216787528 20.13995509271782),3.0
838,POINT (105.5506619252761 20.27124458141424),3.0
839,POINT (105.6985977086104 20.09025083053162),3.0
840,POINT (105.74103742663 20.16017699131222),3.0
841,POINT (105.7223431037847 20.1338650461169),3.0
842,POINT (105.6666935802149 20.12811234561874),3.0
843,POINT (105.6110900526027 20.13752357285033),3.0
844,POINT (105.6528728831841 20.12458346713991),3.0
845,POINT (105.6640217121914 20.21136390449593),3.0
846,POINT (105.5768705969562 20.28829819811751),3.0
847,POINT (105.7686570157289 20.09303508418016),3.0
848,POINT (105.7075676236079 20.06359237428724),3.0
849,POINT (105.6744286086752 20.13048431902167),3.0
850,POINT (105.6872494981428 20.14590566864293),3.0
851,POINT (105.7064010053688 20.12011758443023),3.0
852,POINT (105.7509481532175 20.08648731084573),3.0
853,POINT (105.6887076209457 20.20218992299182),3.0
854,POINT (105.7279327342497 20.14506480205018),3.0
855,POINT (105.7417399640252 20.06840967300636),3.0
856,POINT (105.7404460557751 20.13180986143009),3.0
857,POINT (105.6406843952255 20.25790894266341),3.0
858,POINT (105.6849214438562 20.16175972018282),3.0
859,POINT (105.7274726058669 20.14317343025249),3.0
860,POINT (105.6532844679036 20.12585792497013),3.0
861,POINT (105.6181985757849 20.15980481700344),3.0
862,POINT (105.6559588122535 20.19924980534556),3.0
863,POINT (105.7276088476253 20.1413905800667),3.0
864,POINT (105.7461697140849 20.13008667365677),3.0
865,POINT (105.5986814472708 20.23630670707423),3.0
866,POINT (105.7418622461987 20.12192256870717),3.0
867,POINT (105.6248891651236 20.11564124941159),3.0
868,POINT (105.663060930011 20.12762026119198),3.0
869,POINT (105.6533208798754 20.12583305333069),3.0
870,POINT (105.7273688818754 20.13107093958836),3.0
871,POINT (105.6974114004721 20.12283997688819),3.0
872,POINT (105.8509389200071 20.06662265378163),3.0
873,POINT (105.6527725083464 20.11069624258368),3.0
874,POINT (105.6779198705925 20.08801305137888),3.0
875,POINT (105.6630207896443 20.19275748074505),3.0
876,POINT (105.6944589997522 20.1219450986835),3.0
877,POINT (105.6343560487289 20.13928592484871),3.0
878,POINT (105.6722621932306 20.1762356117938),3.0
879,POINT (105.7076759771983 20.16653254165181),3.0
880,POINT (105.6963232280206 20.01316438203149),3.0
881,POINT (105.6268189587812 20.12703977137063),3.0
882,POINT (105.5961880640628 20.23524265330867),3.0
883,POINT (105.6536083392273 20.18588016460593),3.0
884,POINT (105.7786410169055 20.09861864084954),3.0
885,POINT (105.7523231496904 20.12753218428232),3.0
886,POINT (105.69037701874 20.1276008160669),3.0
887,POINT (105.7081403870207 20.10266650605282),3.0
888,POINT (105.6247183155176 20.11544417060237),3.0
889,POINT (105.582525420786 20.28433160304501),3.0
890,POINT (105.6963232125677 20.01316440311904),3.0
891,POINT (105.6684321521518 20.13069433523892),3.0
892,POINT (105.7631155669954 20.08264304479738),3.0
893,POINT (105.6410243604327 20.11367645528333),3.0
894,POINT (105.7220050825067 20.13804007034693),3.0
895,POINT (105.7765979281555 20.09769240274197),3.0
896,POINT (105.6621736109851 20.24180444672525),3.0
897,POINT (105.666244451181 20.18505522361138),3.0
898,POINT (105.7735482805916 20.09704697440261),3.0
899,POINT (105.6638510993185 20.1613886561846),3.0
900,POINT (105.621108512129 20.15240536136229),3.0
901,POINT (105.5856219270796 20.27089667522312),3.0
902,POINT (105.7553642267078 20.1160779385518),3.0
903,POINT (105.6588754846656 20.16098250382567),3.0
904,POINT (105.7141064059946 20.12385589320663),3.0
905,POINT (105.607589190909 20.10859875531644),3.0
906,POINT (105.7674615909486 20.08774779661896),3.0
907,POINT (105.7518182946997 20.12801087243718),3.0
908,POINT (105.6611053864088 20.17123918312934),3.0
909,POINT (105.6780121810032 20.08712536252497),3.0
910,POINT (105.5881444133594 20.276459550392),3.0
911,POINT (105.739253627149 20.13317535755197),3.0
912,POINT (105.7360756013826 20.1187542042903),3.0
913,POINT (105.5957787907305 20.23482843822374),3.0
914,POINT (105.6872511150088 20.13208393716852),3.0
915,POINT (105.6192244417707 20.15858263827266),3.0
916,POINT (105.7284521925977 20.14554725443811),3.0
917,POINT (105.6473593667105 20.12463101745266),3.0
918,POINT (105.6660384318783 20.21455815770525),3.0
919,POINT (105.6898054259402 20.13909012173853),3.0
920,POINT (105.7452399299305 20.12297558506975),3.0
921,POINT (105.8509388595337 20.06662268075904),3.0
922,POINT (105.7074532910337 20.16619906377595),3.0
923,POINT (105.6862144798349 20.20329178497646),3.0
924,POINT (105.624630412963 20.12083439422974),3.0
925,POINT (105.678591331857 20.12890260460693),3.0
926,POINT (105.770772585197 20.09540636860253),3.0
927,POINT (105.6571528230526 20.23193595994813),3.0
928,POINT (105.6045009088314 20.23889449189186),3.0
929,POINT (105.5825253827703 20.28433160157715),3.0
930,POINT (105.6705874061707 20.17664538422013),3.0
931,POINT (105.5746692710097 20.26857360695128),3.0
932,POINT (105.6581572354824 20.19822196463696),3.0
933,POINT (105.7528327439134 20.09138058987612),3.0
934,POINT (105.7472544304664 20.12965665399373),3.0
935,POINT (105.6734964165647 20.15651949330556),3.0
936,POINT (105.6766229271032 20.1390246624371),3.0
937,POINT (105.5748443908134 20.25070212124033),3.0
938,POINT (105.6086276571643 20.11112367568567),3.0
939,POINT (105.7403421514749 20.07723557497842),3.0
940,POINT (105.7501957540669 20.08599073227568),3.0
941,POINT (105.7357988655405 20.08136159673489),3.0
942,POINT (105.7489907336179 20.12439777208852),3.0
943,POINT (105.5493304625409 20.27643232110303),3.0
944,POINT (105.741350734837 20.06857969598978),3.0
945,POINT (105.6214050038317 20.11197890300843),3.0
946,POINT (105.7360505804339 20.11851708303733),3.0
947,POINT (105.6245350179342 20.12069075666997),3.0
948,POINT (105.6975224588204 20.15355666887092),3.0
949,POINT (105.670518992988 20.17691790236814),3.0
950,POINT (105.7654450563881 20.08680736376346),3.0
951,POINT (105.7410794763858 20.13665442074426),3.0
952,POINT (105.6769172371074 20.08436375680861),3.0
953,POINT (105.6765785971262 20.1133911234964),3.0
954,POINT (105.5964305514499 20.2357054320077),3.0
955,POINT (105.7512073073438 20.08844786197391),3.0
956,POINT (105.7753713607751 20.09772420579629),3.0
957,POINT (105.6314840500144 20.21430117933085),3.0
958,POINT (105.7518155367166 20.12802319895804),3.0
959,POINT (105.6797047231725 20.09137376219683),3.0
960,POINT (105.7172692250816 20.14750256199484),3.0
961,POINT (105.7545656990695 20.09309210042425),3.0
962,POINT (105.751528608294 20.12829716990603),3.0
963,POINT (105.5774569214924 20.25754864313228),3.0
964,POINT (105.6632441305707 20.23618641528917),3.0
965,POINT (105.7372192222759 20.11436428608095),3.0
966,POINT (105.6480113282901 20.12400989429111),3.0
967,POINT (105.6510234848112 20.13507533916145),3.0
968,POINT (105.605453245669 20.15293691388455),3.0
969,POINT (105.6153714926809 20.10712051781256),3.0
970,POINT (105.772444333285 20.09601944344922),3.0
971,POINT (105.6978364548613 20.12506189433348),3.0
972,POINT (105.7498545133619 20.13386230412764),3.0
973,POINT (105.6769989008157 20.13928380454013),3.0
974,POINT (105.5954612428807 20.23453507263123),3.0
975,POINT (105.6834428283129 20.07290573486814),3.0
976,POINT (105.7677117115667 20.09074981530063),3.0
977,POINT (105.7800149931906 20.11174363461592),3.0
978,POINT (105.6100296610375 20.14373820372177),3.0
979,POINT (105.6064126335756 20.27554542397149),3.0
980,POINT (105.6807761634381 20.12609378781966),3.0
981,POINT (105.7811505300716 20.17066442011814),3.0
982,POINT (105.6918878723048 20.08336622278819),3.0
983,POINT (105.6069457361546 20.24613395970333),3.0
984,POINT (105.7507860732364 20.08649416204222),3.0
985,POINT (105.6038163959653 20.12349129523838),3.0
986,POINT (105.5962318511605 20.23542807636486),3.0
987,POINT (105.6809580930765 20.13688968477789),3.0
988,POINT (105.7142589755745 20.1234175328825),3.0
989,POINT (105.7505182728745 20.08692325331444),3.0
990,POINT (105.6479722353069 20.12445649510284),3.0
991,POINT (105.676169507333 20.11282343469598),3.0
992,POINT (105.6800351422111 20.05644469462654),3.0
993,POINT (105.6337132329938 20.09858312536935),3.0
994,POINT (105.7376430378466 20.14438193872591),3.0
995,POINT (105.6909587787684 20.11157755868379),3.0
996,POINT (105.7624711737765 20.10127271148608),3.0
997,POINT (105.7531349127581 20.12662007411239),3.0
998,POINT (105.6699507537812 20.13843246795576),3.0
999,POINT (105.6681103608493 20.19086572056484),3.0
1000,POINT (105.7624711977555 20.10127271131428),3.0
1001,POINT (105.779127786925 20.11061959298393),3.0
1002,POINT (105.7715667857088 20.09558045452986),3.0
1003,POINT (105.5981847481732 20.15453117833877),3.0
1004,POINT (105.7016910902666 20.17330662692883),3.0
1005,POINT (105.5336451957807 20.30338184102013),3.0
1006,POINT (105.6082913306961 20.14754271245642),3.0
1007,POINT (105.6583498454368 20.19683132670193),3.0
1008,POINT (105.7730795740615 20.09693252902465),3.0
1009,POINT (105.6609564635674 20.24121348354712),3.0
1010,POINT (105.7271676213842 20.13136810408969),3.0
1011,POINT (105.6562560073375 20.22485581852096),3.0
1012,POINT (105.7329377905612 20.14056243840584),3.0
1013,POINT (105.767739462208 20.09076120070717),3.0
1014,POINT (105.6654041327457 20.21379953401824),3.0
1015,POINT (105.7357643668902 20.08366554352117),3.0
1016,POINT (105.5948921070372 20.23390698306157),3.0
1017,POINT (105.6219728192725 20.11553926517638),3.0
1018,POINT (105.6722621781369 20.17623561673461),3.0
1019,POINT (105.7559071879999 20.10607135722064),3.0
1020,POINT (105.7309523294173 20.10813751886187),3.0
1021,POINT (105.6163546448356 20.20905707937495),3.0
1022,POINT (105.6253935010575 20.11316023793832),3.0
1023,POINT (105.585576212985 20.2732421058896),3.0
1024,POINT (105.740634712522 20.13709679068637),3.0
1025,POINT (105.6581334821296 20.21691252640674),3.0
1026,POINT (105.7727121855821 20.09624567797899),3.0
1027,POINT (105.7716885036679 20.16243727948786),3.0
1028,POINT (105.6975216850942 20.09048394707714),3.0
1029,POINT (105.7450514137091 20.12262672922456),3.0
1030,POINT (105.8509390531174 20.06662263100612),3.0
1031,POINT (105.7148301077818 20.12431841886174),3.0
1032,POINT (105.6617369655751 20.19531989090227),3.0
1033,POINT (105.7793069731198 20.10057506616457),3.0
1034,POINT (105.7141704865024 20.12383881621726),3.0
1035,POINT (105.6267220394714 20.12497640952047),3.0
1036,POINT (105.6444965127358 20.18158788675557),3.0
1037,POINT (105.7525495274206 20.12728466025301),3.0
1038,POINT (105.5965310837852 20.235724797981),3.0
1039,POINT (105.7058250080621 20.19254948020896),3.0
1040,POINT (105.6110515493171 20.27743915893146),3.0
1041,POINT (105.7394672625197 20.06708453912826),3.0
1042,POINT (105.6766228950017 20.13902465990464),3.0
1043,POINT (105.6574557185183 20.22124882620644),3.0
1044,POINT (105.7525303186961 20.12722964433642),3.0
1045,POINT (105.6632178602629 20.17253826913636),3.0
1046,POINT (105.6662092001942 20.21567628520307),3.0
1047,POINT (105.7641361736671 20.08616862858198),3.0
1048,POINT (105.6624431161103 20.1632240555193),3.0
1049,POINT (105.7409344500938 20.122348148268),3.0
1050,POINT (105.6315120778026 20.09863521313357),3.0
1051,POINT (105.6797659713706 20.13318204382766),3.0
1052,POINT (105.7629500598499 20.08283698770785),3.0
1053,POINT (105.7219970210604 20.13483259514618),3.0
1054,POINT (105.7694719580332 20.09503818703946),3.0
1055,POINT (105.6248074569467 20.12219811109405),3.0
1056,POINT (105.6473594514035 20.12463100311951),3.0
1057,POINT (105.7531378504873 20.12653842185026),3.0
1058,POINT (105.6312188609913 20.09892859258974),3.0
1059,POINT (105.6077565700218 20.14242659440745),3.0
1060,POINT (105.7032794600198 20.16168511196735),3.0
1061,POINT (105.7072015978288 20.15106832987414),3.0
1062,POINT (105.6897195447965 20.15958589190219),3.0
1063,POINT (105.5957278149886 20.2347982400093),3.0
1064,POINT (105.5856554044678 20.2733981790191),3.0
1065,POINT (105.6283142104488 20.11403656645955),3.0
1066,POINT (105.7608144689213 20.09660943520375),3.0
1067,POINT (105.7389385223735 20.13211783873761),3.0
1068,POINT (105.6233085866371 20.11476801822495),3.0
1069,POINT (105.7676693570252 20.08798724892866),3.0
1070,POINT (105.6617407276522 20.19398484424712),3.0
1071,POINT (105.7411359461759 20.12224648782881),3.0
1072,POINT (105.7016910721825 20.17330661508769),3.0
1073,POINT (105.6714682807139 20.19880660368274),3.0
1074,POINT (105.60331717482 20.12300123548679),3.0
1075,POINT (105.6092076280039 20.14612264355475),3.0
1076,POINT (105.6582213727303 20.21668343684794),3.0
1077,POINT (105.6611019823563 20.17122190140841),3.0
1078,POINT (105.6870270266279 20.12275415177437),3.0
1079,POINT (105.6722620717762 20.17623568438684),3.0
1080,POINT (105.674070918449 20.23003339733742),3.0
1081,POINT (105.7441393461566 20.06939291324824),3.0
1082,POINT (105.727201835141 20.13133626028871),3.0
1083,POINT (105.691747026823 20.20177663970931),3.0
1084,POINT (105.6248641907543 20.12091691125812),3.0
1085,POINT (105.6342081777256 20.11468471877392),3.0
1086,POINT (105.6084397813853 20.11503672626561),3.0
1087,POINT (105.5550842359702 20.27753894737475),3.0
1088,POINT (105.6840402109208 20.13786609816816),3.0
1089,POINT (105.6238957077623 20.14607137398248),3.0
1090,POINT (105.6777174223511 20.08635451633463),3.0
1091,POINT (105.6594573095701 20.25788552824543),3.0
1092,POINT (105.6811745434952 20.09223607122639),3.0
1093,POINT (105.7591651712616 20.11117321838178),3.0
1094,POINT (105.7491731791409 20.13024665226141),3.0
1095,POINT (105.6276657551126 20.21190567206386),3.0
1096,POINT (105.6822130772972 20.12591949647004),3.0
1097,POINT (105.6922424597681 20.12540486749316),3.0
1098,POINT (105.6610747973131 20.24133839885446),3.0
1099,POINT (105.5802442838741 20.25574686445956),3.0
1100,POINT (105.6082913481794 20.14754266450462),3.0
1101,POINT (105.6092076072243 20.14612271266216),3.0
1102,POINT (105.521493336481 20.30747452414424),3.0
1103,POINT (105.7790182339135 20.10165093464527),3.0
1104,POINT (105.6798496328644 20.13299966659369),3.0
1105,POINT (105.6248446718161 20.14416266421827),3.0
1106,POINT (105.7419744050337 20.12187704456196),3.0
1107,POINT (105.7421556067397 20.12180654692406),3.0
1108,POINT (105.6285600616842 20.10165392083462),3.0
1109,POINT (105.7668268182162 20.08732401646882),3.0
1110,POINT (105.7058466074755 20.11989985305785),3.0
1111,POINT (105.6451192479408 20.13460737481511),3.0
1112,POINT (105.7090382460036 20.10264585153061),3.0
1113,POINT (105.7016911524474 20.17330663639633),3.0
1114,POINT (105.7139170949957 20.14053242509907),3.0
1115,POINT (105.7254834756787 20.14027861683347),3.0
1116,POINT (105.6776324707341 20.13413565649303),3.0
1117,POINT (105.7888197865735 20.13642257612654),3.0
1118,POINT (105.7505999335755 20.1342588622722),3.0
1119,POINT (105.6711772822873 20.13898351605818),3.0
1120,POINT (105.7368746453786 20.11564191385035),3.0
1121,POINT (105.746189729555 20.13009811681537),3.0
1122,POINT (105.6897598309616 20.03883343553758),3.0
1123,POINT (105.5857990416752 20.15608792891517),3.0
1124,POINT (105.7410794752089 20.13665442338586),3.0
1125,POINT (105.6913897023508 20.16634853646052),3.0
1126,POINT (105.6268189759307 20.12703982659626),3.0
1127,POINT (105.7739045329532 20.12320638573235),3.0
1128,POINT (105.674011910121 20.1292125081019),3.0
1129,POINT (105.7205939718428 20.12754993864094),3.0
1130,POINT (105.6562712044171 20.2122072419355),3.0
1131,POINT (105.7691604310284 20.0942071455695),3.0
1132,POINT (105.7393414676541 20.14802803198632),3.0
1133,POINT (105.6838236224125 20.08511523426408),3.0
1134,POINT (105.6730529640984 20.12399284171379),3.0
1135,POINT (105.7630544617365 20.08260767757065),3.0
1136,POINT (105.6779313835969 20.2051009661545),3.0
1137,POINT (105.7520842511798 20.12777508496055),3.0
1138,POINT (105.6915528975219 20.1664561500668),3.0
1139,POINT (105.6088922347803 20.14659370392372),3.0
1140,POINT (105.6161673917474 20.20943437064778),3.0
1141,POINT (105.7303095195972 20.15010793589671),3.0
1142,POINT (105.7622609432082 20.09694249062323),3.0
1143,POINT (105.722569983453 20.12961665983726),3.0
1144,POINT (105.7624451571724 20.08054738314786),3.0
1145,POINT (105.7450263724433 20.07153230647656),3.0
1146,POINT (105.6452297972339 20.13410021043003),3.0
1147,POINT (105.6590396664574 20.25835102921356),3.0
1148,POINT (105.6985906148098 20.07440815190345),3.0
1149,POINT (105.7396885631893 20.14595228997489),3.0
1150,POINT (105.7509913462659 20.12877610745193),3.0
1151,POINT (105.7394699191434 20.06652608433778),3.0
1152,POINT (105.6684751626664 20.23263698710013),3.0
1153,POINT (105.7205939759677 20.12754994116429),3.0
1154,POINT (105.7622731750645 20.09664477904327),3.0
1155,POINT (105.6870270604985 20.12275417160685),3.0
1156,POINT (105.7281869259688 20.14534541952965),3.0
1157,POINT (105.6156557962485 20.15858803648219),3.0
1158,POINT (105.6728255035191 20.1541888195897),3.0
1159,POINT (105.7537345483199 20.08560308720848),3.0
1160,POINT (105.6601040165296 20.17783581673258),3.0
1161,POINT (105.569745336285 20.26210239031393),3.0
1162,POINT (105.6987146367738 20.07472663020615),3.0
1163,POINT (105.7511648937117 20.08789908105217),3.0
1164,POINT (105.6563089507822 20.199206176115),3.0
1165,POINT (105.6343560913127 20.13928596674502),3.0
1166,POINT (105.7394736151302 20.06655846950749),3.0
1167,POINT (105.5724862459335 20.26868220011543),3.0
1168,POINT (105.7407473623734 20.13288045253006),3.0
1169,POINT (105.6077132642197 20.15491255822964),3.0
1170,POINT (105.6077957815881 20.14254194418928),3.0
1171,POINT (105.7531225605999 20.09172304337218),3.0
1172,POINT (105.7416371607102 20.12202387895042),3.0
1173,POINT (105.6299682882092 20.10054525419509),3.0
1174,POINT (105.6104233974595 20.27672901438244),3.0
1175,POINT (105.7275701534926 20.14741378437866),3.0
1176,POINT (105.6615940335492 20.20919586665791),3.0
1177,POINT (105.6273914878846 20.14297665412829),3.0
1178,POINT (105.7071220104641 20.12058704265431),3.0
1179,POINT (105.6340813134004 20.14129467055365),3.0
1180,POINT (105.7728560055349 20.12679668029399),3.0
1181,POINT (105.6781896686794 20.12820104661365),3.0
1182,POINT (105.7221454502202 20.13417181136041),3.0
1183,POINT (105.6267691112719 20.12534190750954),3.0
1184,POINT (105.599699144753 20.10895956854579),3.0
1185,POINT (105.7392986721933 20.13454402994774),3.0
1186,POINT (105.6687069774332 20.19054401585789),3.0
1187,POINT (105.8456065690228 20.0460774373719),3.0
1188,POINT (105.678873346617 20.13391875871902),3.0
1189,POINT (105.7621398370071 20.08431171288924),3.0
1190,POINT (105.6212299049046 20.14914686536897),3.0
1191,POINT (105.7055963472879 20.20380153134444),3.0
1192,POINT (105.6227183243046 20.21354207187595),3.0
1193,POINT (105.708066517873 20.15003084081247),3.0
1194,POINT (105.6967331851436 20.17019283759803),3.0
1195,POINT (105.573870158464 20.25022161602841),3.0
1196,POINT (105.5850581696739 20.26739002087784),3.0
1197,POINT (105.6844278521313 20.08564846581007),3.0
1198,POINT (105.6894084111717 20.1402372061695),3.0
1199,POINT (105.6753876007806 20.12458226225601),3.0
1200,POINT (105.727651374237 20.14388502025835),3.0
1201,POINT (105.6623000571048 20.19440871156932),3.0
1202,POINT (105.7205939852671 20.12754991509621),3.0
1203,POINT (105.6170321925983 20.2337168241481),3.0
1204,POINT (105.750856252595 20.12904347748403),3.0
1205,POINT (105.6705229161885 20.17698285971585),3.0
1206,POINT (105.768650824169 20.08945594675591),3.0
1207,POINT (105.7810085202945 20.13963356345656),3.0
1208,POINT (105.7756553105843 20.09778620492385),3.0
1209,POINT (105.7641806344436 20.1275969123969),3.0
1210,POINT (105.5962499696343 20.23561617119347),3.0
1211,POINT (105.6168779362907 20.11685334140327),3.0
1212,POINT (105.6733927495207 20.15569576397152),3.0
1213,POINT (105.6621738676171 20.2418044883826),3.0
1214,POINT (105.7486167577327 20.12463411582128),3.0
1215,POINT (105.7729743010473 20.12694433633656),3.0
1216,POINT (105.7681812675193 20.09036336915731),3.0
1217,POINT (105.6234719082736 20.11503038963445),3.0
1218,POINT (105.773999176074 20.12303358779375),3.0
1219,POINT (105.6186426152571 20.23348591738392),3.0
1220,POINT (105.7241168625009 20.13261573980277),3.0
1221,POINT (105.6267691352163 20.12534196024813),3.0
1222,POINT (105.624873837234 20.11564526988533),3.0
1223,POINT (105.7282713113961 20.14691789438876),3.0
1224,POINT (105.7378385500763 20.14437762238497),3.0
1225,POINT (105.6624839761289 20.17377549851004),3.0
1226,POINT (105.7678676871516 20.08829161117096),3.0
1227,POINT (105.7391992996632 20.12338210759116),3.0
1228,POINT (105.6764940499977 20.11298760431586),3.0
1229,POINT (105.6904411895262 20.16636052689929),3.0
1230,POINT (105.606945714913 20.24613387827297),3.0
1231,POINT (105.7062449226831 20.12001642608095),3.0
1232,POINT (105.8455384888984 20.04631150842942),3.0
1233,POINT (105.6572920219107 20.23206499212025),3.0
1234,POINT (105.7662309686571 20.08695252503737),3.0
1235,POINT (105.7095369888734 20.14973380770388),3.0
1236,POINT (105.6994009323861 20.16383891620891),3.0
1237,POINT (105.6085825413836 20.11373555165924),3.0
1238,POINT (105.7412714757214 20.13320194795068),3.0
1239,POINT (105.6955853928171 20.17093030598459),3.0
1240,POINT (105.7691537729652 20.09412377819399),3.0
1241,POINT (105.736787527743 20.11646873515803),3.0
1242,POINT (105.7525447294303 20.08587910814797),3.0
1243,POINT (105.7741121119388 20.09769776599829),3.0
1244,POINT (105.6987118372525 20.07493374015096),3.0
1245,POINT (105.6900261417187 20.1383951837805),3.0
1246,POINT (105.5506674978123 20.27106152779443),3.0
1247,POINT (105.6734395854381 20.13008505418371),3.0
1248,POINT (105.6076712222353 20.2766731856318),3.0
1249,POINT (105.6766229800962 20.13902468051773),3.0
1250,POINT (105.6595992536126 20.25766759322417),3.0
1251,POINT (105.6925776658797 20.02957248217409),3.0
1252,POINT (105.6685907240608 20.12511700197963),3.0
1253,POINT (105.7076243237563 20.06356199552885),3.0
1254,POINT (105.7486357591366 20.12463128758205),3.0
1255,POINT (105.7490000834721 20.13258298455921),3.0
1256,POINT (105.5542269583718 20.26421245701886),3.0
1257,POINT (105.68702702557 20.12275415350548),3.0
1258,POINT (105.7715137489477 20.09557655119537),3.0
1259,POINT (105.6695125824077 20.18705511600723),3.0
1260,POINT (105.763997211205 20.16001861435639),3.0
1261,POINT (105.6786156063793 20.20479147697409),3.0
1262,POINT (105.6898952546769 20.13880975855327),3.0
1263,POINT (105.6480356944886 20.12424797683485),3.0
1264,POINT (105.728035923464 20.14708322996831),3.0
1265,POINT (105.6839741760745 20.16126403416046),3.0
1266,POINT (105.7622998313296 20.09656234249197),3.0
1267,POINT (105.7417400631776 20.06840977683301),3.0
1268,POINT (105.6876760309257 20.1311655726883),3.0
1269,POINT (105.6581724371474 20.21389201357224),3.0
1270,POINT (105.5684292985089 20.26389647256237),3.0
1271,POINT (105.6641963123558 20.21156521633312),3.0
1272,POINT (105.5819584669816 20.28143417951035),3.0
1273,POINT (105.776349634902 20.09782364592258),3.0
1274,POINT (105.7804999127615 20.11229491710315),3.0
1275,POINT (105.6577396580924 20.18245103421431),3.0
1276,POINT (105.7678742764329 20.09134473445104),3.0
1277,POINT (105.6595628010546 20.25779558498252),3.0
1278,POINT (105.6223371611814 20.15282626251733),3.0
1279,POINT (105.6289721851415 20.14503143773437),3.0
1280,POINT (105.6289722399989 20.14503131661021),3.0
1281,POINT (105.622337162864 20.15282630301525),3.0
1282,POINT (105.6289721605086 20.14503148304666),3.0
1283,POINT (105.6289721947116 20.14503139990968),3.0
1284,POINT (105.6223371955303 20.15282641183944),3.0
1285,POINT (105.622337167387 20.15282623319315),3.0
1286,POINT (105.5941892367046 20.17508055806918),3.0
1287,POINT (105.5953069987567 20.1812245165651),3.0
1288,POINT (105.5941640131331 20.1747376271577),3.0
1289,POINT (105.5946038652887 20.17100035465479),3.0
1290,POINT (105.5968550136781 20.18199305492559),3.0
1291,POINT (105.5956802040481 20.16987240584622),3.0
1292,POINT (105.5934382301989 20.17275928779878),3.0
1293,POINT (105.5954601075066 20.17019832113401),3.0
1294,POINT (105.6003286970531 20.17744555312732),3.0
1295,POINT (105.5944700753476 20.1716949637676),3.0
1296,POINT (105.5936710580303 20.17153068585587),3.0
1297,POINT (105.5946322255861 20.17100298088336),3.0
1298,POINT (105.5940865265958 20.17168559385068),3.0
1299,POINT (105.6003871765781 20.1776162195531),3.0
1300,POINT (105.5968551410089 20.18199303765325),3.0
1301,POINT (105.5935100082165 20.17161820854586),3.0
1302,POINT (105.5954520349731 20.18134672287247),3.0
1303,POINT (105.5966425481446 20.1819480024672),3.0
1304,POINT (105.5939222275671 20.17342092474737),3.0
1305,POINT (105.5946768048106 20.1712086343119),3.0
1306,POINT (105.5948910993477 20.1757471033485),3.0
1307,POINT (105.5968550568722 20.18199305630736),3.0
1308,POINT (105.5937581729446 20.17320843112537),3.0
1309,POINT (105.595390702842 20.18122428088102),3.0
1310,POINT (105.5950976329382 20.17069306817147),3.0
1311,POINT (105.5947315531097 20.17083206744764),3.0
1312,POINT (105.5956802874992 20.16987225256743),3.0
1313,POINT (105.5950753147635 20.17573741395448),3.0
1314,POINT (105.5945718322872 20.17157749608227),3.0
1315,POINT (105.5952868503595 20.18121833187222),3.0
1316,POINT (105.5946857339186 20.17567718017311),3.0
1317,POINT (105.6004348646942 20.17762369564035),3.0
1318,POINT (105.5943458576495 20.17530798162676),3.0
1319,POINT (105.5956801773754 20.16987245476134),3.0
1320,POINT (105.5933850317744 20.17249482225819),3.0
1321,POINT (105.593484887551 20.1716016313288),3.0
1322,POINT (105.5968549868744 20.18199306086725),3.0
1323,POINT (105.5944738214534 20.1716930274447),3.0
1324,POINT (105.5956802041615 20.16987240540034),3.0
1325,POINT (105.4667377881391 20.36105598348111),3.0
1326,POINT (105.6006833203711 20.20730162106371),3.0
1327,POINT (105.5799353184564 20.20645861368734),3.0
1328,POINT (105.5884554730894 20.20430524146495),3.0
1329,POINT (105.4873205805306 20.35278502039357),3.0
1330,POINT (105.604692398167 20.20211702629625),3.0
1331,POINT (105.583294101547 20.21969115252324),3.0
1332,POINT (105.4362790952592 20.36308574331377),3.0
1333,POINT (105.4725765570999 20.36052109588104),3.0
1334,POINT (105.4731397948491 20.35967941997104),3.0
1335,POINT (105.5803938082791 20.21803025841011),3.0
1336,POINT (105.6382630357973 20.15603463141347),3.0
1337,POINT (105.639490760846 20.16121783800118),3.0
1338,POINT (105.6170090139225 20.18463043910619),3.0
1339,POINT (105.6012916307343 20.20620610905304),3.0
1340,POINT (105.4654025625406 20.36213281364963),3.0
1341,POINT (105.5142113871131 20.24603867369815),3.0
1342,POINT (105.6032289309522 20.20374759884668),3.0
1343,POINT (105.6156243252129 20.18596666871861),3.0
1344,POINT (105.6394209693433 20.15813936949342),3.0
1345,POINT (105.5382036445033 20.27133857188234),3.0
1346,POINT (105.649444780313 20.14940575259999),3.0
1347,POINT (105.6018060544295 20.20562600085403),3.0
1348,POINT (105.5275994367127 20.32646507480585),3.0
1349,POINT (105.6394908245117 20.16121807459223),3.0
1350,POINT (105.6275413999693 20.17463902123918),3.0
1351,POINT (105.6054198178476 20.19819421856721),3.0
1352,POINT (105.6054534023223 20.19852423624788),3.0
1353,POINT (105.6151492858974 20.1606041527468),3.0
1354,POINT (105.641799158841 20.16385464659946),3.0
1355,POINT (105.5250556729304 20.32986385721983),3.0
1356,POINT (105.5117619927444 20.26180266458353),3.0
1357,POINT (105.6150795795159 20.16077246078748),3.0
1358,POINT (105.6029163189304 20.20416780379761),3.0
1359,POINT (105.4461456165891 20.36424217411432),3.0
1360,POINT (105.5340165671913 20.29099385961628),3.0
1361,POINT (105.5238006639103 20.36566116211315),3.0
1362,POINT (105.6508821442338 20.15338922673067),3.0
1363,POINT (105.6464774094883 20.16237553702208),3.0
1364,POINT (105.5427793735045 20.2513625121861),3.0
1365,POINT (105.5889657986463 20.20374250456906),3.0
1366,POINT (105.5232603671095 20.24877129767888),3.0
1367,POINT (105.5981312584278 20.19260629210755),3.0
1368,POINT (105.6045849569425 20.19507362034575),3.0
1369,POINT (105.6364489200422 20.16193525583944),3.0
1370,POINT (105.5235277032447 20.26721819162559),3.0
1371,POINT (105.4528490097155 20.36527349557881),3.0
1372,POINT (105.6311933404201 20.16110769059846),3.0
1373,POINT (105.631851184077 20.16219529125133),3.0
1374,POINT (105.6311583711483 20.16109695525453),3.0
1375,POINT (105.588561102996 20.20425067558621),3.0
1376,POINT (105.6009523232097 20.20674158796755),3.0
1377,POINT (105.4530336004843 20.36520289607053),3.0
1378,POINT (105.6243614640762 20.1700778591764),3.0
1379,POINT (105.4828814892872 20.35628497325986),3.0
1380,POINT (105.6136885160946 20.16320184341259),3.0
1381,POINT (105.6046686417408 20.19539303295971),3.0
1382,POINT (105.6041414057836 20.20276712443074),3.0
1383,POINT (105.6302423587052 20.1715401958061),3.0
1384,POINT (105.5791679645985 20.22627279502922),3.0
1385,POINT (105.6394908047425 20.1612179237324),3.0
1386,POINT (105.6328095394286 20.18848458649257),3.0
1387,POINT (105.6027054111106 20.18890922498224),3.0
1388,POINT (105.5243450827511 20.32964120846286),3.0
1389,POINT (105.5361215267888 20.24715737218077),3.0
1390,POINT (105.6274099128208 20.17478269498955),3.0
1391,POINT (105.6182773584585 20.18208754098021),3.0
1392,POINT (105.6050138722973 20.19673959157891),3.0
1393,POINT (105.6390106744042 20.16695767597022),3.0
1394,POINT (105.5998213714018 20.20867671466571),3.0
1395,POINT (105.6143128086022 20.18772705404203),3.0
1396,POINT (105.6210111344989 20.18181458917536),3.0
1397,POINT (105.6066205053197 20.16117275347362),3.0
1398,POINT (105.5835119349572 20.20786739947332),3.0
1399,POINT (105.6047894139395 20.19581560962083),3.0
1400,POINT (105.6012750736713 20.2062192895873),3.0
1401,POINT (105.5161083059642 20.33336216693446),3.0
1402,POINT (105.4319077186671 20.36432236842952),3.0
1403,POINT (105.6371142500919 20.15680970662985),3.0
1404,POINT (105.6273626061605 20.1751657714535),3.0
1405,POINT (105.5794288576479 20.20608636118204),3.0
1406,POINT (105.6338063340617 20.15995963001915),3.0
1407,POINT (105.6394720060026 20.16171644923074),3.0
1408,POINT (105.6207691297348 20.18180137194473),3.0
1409,POINT (105.6047672816839 20.19568209274964),3.0
1410,POINT (105.587999339055 20.2047797295331),3.0
1411,POINT (105.6240153969169 20.17567906847886),3.0
1412,POINT (105.6687474299063 20.1320050478606),3.0
1413,POINT (105.5241979501348 20.29484149435412),3.0
1414,POINT (105.6059079531939 20.18811380863897),3.0
1415,POINT (105.4594064568712 20.36213724643192),3.0
1416,POINT (105.639489580991 20.16122316012841),3.0
1417,POINT (105.53026740586 20.28767256293661),3.0
1418,POINT (105.527599361238 20.32646521902492),3.0
1419,POINT (105.6236673420356 20.17589061154127),3.0
1420,POINT (105.6315245479718 20.16149858596841),3.0
1421,POINT (105.639014111513 20.16034202698721),3.0
1422,POINT (105.4875147833785 20.35222216236102),3.0
1423,POINT (105.6024049460876 20.20492432541968),3.0
1424,POINT (105.6365128183835 20.16153108950771),3.0
1425,POINT (105.6164698058011 20.17584342752969),3.0
1426,POINT (105.5407212485659 20.24947202668115),3.0
1427,POINT (105.6132131910854 20.18789809947124),3.0
1428,POINT (105.5804019126392 20.21783343977024),3.0
1429,POINT (105.4343713404014 20.36328317595716),3.0
1430,POINT (105.5168090540535 20.33314705187507),3.0
1431,POINT (105.6175205358155 20.16237031198434),3.0
1432,POINT (105.5823145565695 20.20759212923116),3.0
1433,POINT (105.59851208743 20.15629955279377),3.0
1434,POINT (105.6357109472193 20.15907862436731),3.0
1435,POINT (105.4582859253157 20.36130330545493),3.0
1436,POINT (105.6328095274914 20.18848456414328),3.0
1437,POINT (105.5161941250846 20.33333202045752),3.0
1438,POINT (105.6350630205748 20.16389041436596),3.0
1439,POINT (105.5985120869221 20.15629973610876),3.0
1440,POINT (105.5840820833193 20.20729762533422),3.0
1441,POINT (105.6230747153034 20.17553283173562),3.0
1442,POINT (105.5289597938582 20.28768824286208),3.0
1443,POINT (105.5807147188671 20.20672700387079),3.0
1444,POINT (105.4729665359934 20.35984439421012),3.0
1445,POINT (105.6048800977263 20.19610966413037),3.0
1446,POINT (105.6303125116196 20.17153033155304),3.0
1447,POINT (105.6008625999263 20.20691385073784),3.0
1448,POINT (105.4547733179453 20.36269720759669),3.0
1449,POINT (105.6066803524687 20.18823131416103),3.0
1450,POINT (105.5832664874064 20.20815300495699),3.0
1451,POINT (105.587558897235 20.20508326454208),3.0
1452,POINT (105.6048254292633 20.19589276197143),3.0
1453,POINT (105.6022844223928 20.19028629688739),3.0
1454,POINT (105.6007700124213 20.20708533844606),3.0
1455,POINT (105.5382037203606 20.27133859524324),3.0
1456,POINT (105.5991748278639 20.19272793674918),3.0
1457,POINT (105.6018867849775 20.20556441946592),3.0
1458,POINT (105.5217105171862 20.27988978142575),3.0
1459,POINT (105.5430779778718 20.25111093040376),3.0
1460,POINT (105.6134043722952 20.17486717784376),3.0
1461,POINT (105.454248254937 20.36448156136358),3.0
1462,POINT (105.5176114823363 20.33165058752461),3.0
1463,POINT (105.5873229423831 20.20525222162796),3.0
1464,POINT (105.5176115344817 20.33165061727739),3.0
1465,POINT (105.5344173599703 20.29073964811509),3.0
1466,POINT (105.6446370954297 20.16424800153343),3.0
1467,POINT (105.6372908336156 20.15684807059609),3.0
1468,POINT (105.5694735867527 20.2306308590275),3.0
1469,POINT (105.4494855179465 20.36410097672888),3.0
1470,POINT (105.5124860785871 20.33602002326814),3.0
1471,POINT (105.636769901704 20.16680457419152),3.0
1472,POINT (105.6013901284594 20.20607497276144),3.0
1473,POINT (105.4591669484026 20.36209899508171),3.0
1474,POINT (105.4770573654537 20.35942239837255),3.0
1475,POINT (105.6376370884857 20.15943806113392),3.0
1476,POINT (105.4894798340257 20.34976198021945),3.0
1477,POINT (105.6199979770416 20.1639833976257),3.0
1478,POINT (105.5837908891392 20.20755215431162),3.0
1479,POINT (105.5826054566481 20.20783788161753),3.0
1480,POINT (105.5768062326237 20.21344024935121),3.0
1481,POINT (105.5310875524095 20.29187865783557),3.0
1482,POINT (105.6417991602562 20.16385464728714),3.0
1483,POINT (105.6133761081863 20.17493344358563),3.0
1484,POINT (105.5294983757372 20.29643099659245),3.0
1485,POINT (105.6049836831535 20.19667489168239),3.0
1486,POINT (105.6049455367223 20.19645632877217),3.0
1487,POINT (105.621975065436 20.17789439651272),3.0
1488,POINT (105.5901868700623 20.19121844238587),3.0
1489,POINT (105.6212695662213 20.18168459793196),3.0
1490,POINT (105.4903984256882 20.34874056279632),3.0
1491,POINT (105.6494450855515 20.14959513920131),3.0
1492,POINT (105.5824841070876 20.20773303960781),3.0
1493,POINT (105.5812552526023 20.20692336471084),3.0
1494,POINT (105.52351743387 20.29551709886921),3.0
1495,POINT (105.5431641922248 20.25104535221862),3.0
1496,POINT (105.6282336713945 20.17486786310723),3.0
1497,POINT (105.5830807670988 20.2081567164121),3.0
1498,POINT (105.6284205559753 20.17486040462962),3.0
1499,POINT (105.5213718228003 20.26646368425442),3.0
1500,POINT (105.6051955195662 20.19748397346865),3.0
1501,POINT (105.6045443435627 20.19498827959261),3.0
1502,POINT (105.5231707687984 20.29580188295525),3.0
1503,POINT (105.6369667684918 20.16621245669589),3.0
1504,POINT (105.6049321774205 20.19632472935649),3.0
1505,POINT (105.6054142799818 20.1984229931651),3.0
1506,POINT (105.6011670394752 20.20637898711241),3.0
1507,POINT (105.6050814987553 20.19698472659766),3.0
1508,POINT (105.6023233292661 20.18999626498297),3.0
1509,POINT (105.5500409906833 20.2545913777371),3.0
1510,POINT (105.4494778469585 20.36405921000091),3.0
1511,POINT (105.6451029793909 20.16505075094337),3.0
1512,POINT (105.6390439795307 20.16471446039479),3.0
1513,POINT (105.6328095461258 20.18848461379927),3.0
1514,POINT (105.5290620612415 20.28787637863687),3.0
1515,POINT (105.6015046727845 20.19165326294692),3.0
1516,POINT (105.5409044256711 20.24971738994207),3.0
1517,POINT (105.6046011445046 20.19519685347588),3.0
1518,POINT (105.6314475937651 20.16061421286341),3.0
1519,POINT (105.5239654094649 20.36564966105332),3.0
1520,POINT (105.5411523415369 20.25122969060883),3.0
1521,POINT (105.6052822165911 20.19778398076438),3.0
1522,POINT (105.6059332840993 20.1883572813973),3.0
1523,POINT (105.4319077445852 20.36432222776136),3.0
1524,POINT (105.6156301205894 20.16661033842996),3.0
1525,POINT (105.604489450256 20.19479758830405),3.0
1526,POINT (105.436546777191 20.36321313299738),3.0
1527,POINT (105.5788006891085 20.22082177060167),3.0
1528,POINT (105.5238007222945 20.36566123203576),3.0
1529,POINT (105.6054154838423 20.19877590225143),3.0
1530,POINT (105.6081958973572 20.18584461482972),3.0
1531,POINT (105.6243612721042 20.17007789518265),3.0
1532,POINT (105.4558876835196 20.36203270047538),3.0
1533,POINT (105.5228761232747 20.29611024744552),3.0
1534,POINT (105.631851182625 20.16219526170556),3.0
1535,POINT (105.6130150385203 20.17010770926586),3.0
1536,POINT (105.5176113152928 20.3316505415875),3.0
1537,POINT (105.5020507935281 20.34242694239465),3.0
1538,POINT (105.5321157203626 20.2915243815637),3.0
1539,POINT (105.531739580691 20.29162339028919),3.0
1540,POINT (105.6047145091542 20.19547404885866),3.0
1541,POINT (105.6014201092758 20.20605134826116),3.0
1542,POINT (105.6347114187908 20.14176212692015),3.0
1543,POINT (105.5887920504953 20.2039872506769),3.0
1544,POINT (105.5289597334585 20.28768813744032),3.0
1545,POINT (105.5134713522057 20.33569776416515),3.0
1546,POINT (105.6143498039016 20.16183321612432),3.0
1547,POINT (105.5210137339912 20.32523039939042),3.0
1548,POINT (105.6138969545305 20.16311929846097),3.0
1549,POINT (105.5787916661253 20.22077248499941),3.0
1550,POINT (105.5292004039092 20.29643512958789),3.0
1551,POINT (105.6138723723129 20.17462818267257),3.0
1552,POINT (105.5789224015491 20.22648795893544),3.0
1553,POINT (105.6057953511417 20.19962326797706),3.0
1554,POINT (105.6438026542929 20.16406942208034),3.0
1555,POINT (105.5238461962567 20.29518046869221),3.0
1556,POINT (105.6126356154381 20.17250441804403),3.0
1557,POINT (105.540807951086 20.24953573955626),3.0
1558,POINT (105.5140054645466 20.33482548520166),3.0
1559,POINT (105.4640431305941 20.36119425367489),3.0
1560,POINT (105.6313358371583 20.16146059357682),3.0
1561,POINT (105.6397052402541 20.15244418533272),3.0
1562,POINT (105.6380692879479 20.15239992137681),3.0
1563,POINT (105.445633209188 20.36388949962542),3.0
1564,POINT (105.5428848996107 20.25134343057612),3.0
1565,POINT (105.6066804336042 20.18823126298134),3.0
1566,POINT (105.5142113440739 20.24603861168554),3.0
1567,POINT (105.5838355875471 20.20751776208275),3.0
1568,POINT (105.606161877247 20.20020156931853),3.0
1569,POINT (105.6061063174573 20.19994281573108),3.0
1570,POINT (105.6158006543047 20.1673873489151),3.0
1571,POINT (105.631851181873 20.16219526745944),3.0
1572,POINT (105.6301555100543 20.17143181581128),3.0
1573,POINT (105.6079568782303 20.18588815865923),3.0
1574,POINT (105.4467440103162 20.36396081240088),3.0
1575,POINT (105.578931630333 20.22649818787928),3.0
1576,POINT (105.4870676523997 20.3531249437135),3.0
1577,POINT (105.6044616270267 20.19438225493841),3.0
1578,POINT (105.5814393553484 20.20688299476556),3.0
1579,POINT (105.5871114460819 20.20543224898637),3.0
1580,POINT (105.5905709701505 20.1914740877003),3.0
1581,POINT (105.5308103962638 20.29280424696886),3.0
1582,POINT (105.5827611254013 20.20794953113156),3.0
1583,POINT (105.4431533552711 20.36362161875482),3.0
1584,POINT (105.605351777042 20.19789834307178),3.0
1585,POINT (105.530037125774 20.29406300711882),3.0
1586,POINT (105.6347114065676 20.14176207726559),3.0
1587,POINT (105.4808663168276 20.35796476482624),3.0
1588,POINT (105.5409126964283 20.24983136800332),3.0
1589,POINT (105.5133153935503 20.33578415728621),3.0
1590,POINT (105.5887047143547 20.20403983783429),3.0
1591,POINT (105.5238007029628 20.36566121597116),3.0
1592,POINT (105.4719108377754 20.36084320866278),3.0
1593,POINT (105.588169492747 20.2045602779171),3.0
1594,POINT (105.6011406059027 20.20639985101341),3.0
1595,POINT (105.6395874540376 20.1424869608011),3.0
1596,POINT (105.5245671278104 20.29466834185591),3.0
1597,POINT (105.6241237990453 20.1658562301261),3.0
1598,POINT (105.5112772202783 20.26085157301148),3.0
1599,POINT (105.6687251928929 20.13204924585473),3.0
1600,POINT (105.6243613971287 20.17007786053065),3.0
1601,POINT (105.5142496248143 20.33469942025719),3.0
1602,POINT (105.6029909560958 20.20410314880502),3.0
1603,POINT (105.4435024308375 20.36353959912804),3.0
1604,POINT (105.5307027620128 20.29315063367403),3.0
1605,POINT (105.5743027797744 20.21836107551519),3.0
1606,POINT (105.6132287397668 20.18786107561668),3.0
1607,POINT (105.5083125287008 20.3375503846055),3.0
1608,POINT (105.6422161362454 20.15993398027008),3.0
1609,POINT (105.6028229304824 20.20435477128013),3.0
1610,POINT (105.5275993367771 20.32646526778497),3.0
1611,POINT (105.5876540859263 20.20504238591585),3.0
1612,POINT (105.523875480648 20.29517234392855),3.0
1613,POINT (105.4495954458047 20.36413348707403),3.0
1614,POINT (105.5751461633595 20.2150737164943),3.0
1615,POINT (105.6056782274559 20.19946649226678),3.0
1616,POINT (105.6049872889301 20.18845793198759),3.0
1617,POINT (105.5382038275533 20.27133867681727),3.0
1618,POINT (105.6023574775052 20.20501708863661),3.0
1619,POINT (105.5323769741583 20.2719323500997),3.0
1620,POINT (105.5172340796049 20.33288468938383),3.0
1621,POINT (105.5215761997182 20.29669549709327),3.0
1622,POINT (105.639630674068 20.14283639800224),3.0
1623,POINT (105.5985120821601 20.15629964549138),3.0
1624,POINT (105.4405191006781 20.36512499265098),3.0
1625,POINT (105.6364469445888 20.16733470965191),3.0
1626,POINT (105.465206039342 20.36219628156659),3.0
1627,POINT (105.4549022023368 20.3624954102871),3.0
1628,POINT (105.5833278066992 20.21971793212682),3.0
1629,POINT (105.6009635584119 20.20673023476739),3.0
1630,POINT (105.5218587940835 20.26668398880091),3.0
1631,POINT (105.431907771862 20.36432216865284),3.0
1632,POINT (105.6132128841269 20.18789989348071),3.0
1633,POINT (105.5301982701139 20.29600643132288),3.0
1634,POINT (105.6006168977274 20.20737049170709),3.0
1635,POINT (105.6687474291107 20.13200504923839),3.0
1636,POINT (105.6180818868268 20.17438850629737),3.0
1637,POINT (105.6005019546249 20.20763756299852),3.0
1638,POINT (105.5238007441774 20.36566124242635),3.0
1639,POINT (105.5301458504624 20.29621206387724),3.0
1640,POINT (105.6033038693973 20.20369787996704),3.0
1641,POINT (105.5301748415018 20.29623656873518),3.0
1642,POINT (105.6357568977976 20.15908980049915),3.0
1643,POINT (105.6088815045668 20.18517106753005),3.0
1644,POINT (105.6417990944592 20.16385459209407),3.0
1645,POINT (105.6049754718115 20.19652700601868),3.0
1646,POINT (105.5832975287369 20.20814221108163),3.0
1647,POINT (105.6026446666964 20.18815013054924),3.0
1648,POINT (105.5182221153292 20.33259112508265),3.0
1649,POINT (105.6438026890686 20.16406943580921),3.0
1650,POINT (105.6048449664457 20.19603562949176),3.0
1651,POINT (105.5237408936611 20.26722773420449),3.0
1652,POINT (105.5346892102191 20.29079863112319),3.0
1653,POINT (105.6199980953443 20.16398351400622),3.0
1654,POINT (105.6025464542634 20.18953075858853),3.0
1655,POINT (105.4469616701407 20.36397707326468),3.0
1656,POINT (105.6134709692397 20.17193849000714),3.0
1657,POINT (105.6046443147103 20.1952749381591),3.0
1658,POINT (105.6051157742163 20.19716834057112),3.0
1659,POINT (105.5344724007811 20.29073889283253),3.0
1660,POINT (105.5112772137831 20.26085168521469),3.0
1661,POINT (105.6395808877382 20.1617195727219),3.0
1662,POINT (105.6347114184952 20.14176216085192),3.0
1663,POINT (105.6050288038703 20.19689987820681),3.0
1664,POINT (105.5053031165924 20.33951039337218),3.0
1665,POINT (105.6307251512384 20.17339022067204),3.0
1666,POINT (105.6135443626772 20.17485961277034),3.0
1667,POINT (105.5292333819392 20.28797109505517),3.0
1668,POINT (105.5275993686437 20.32646521049739),3.0
1669,POINT (105.4498103184861 20.3641164219423),3.0
1670,POINT (105.6058471968919 20.18854068792338),3.0
1671,POINT (105.6044527406887 20.19459310704036),3.0
1672,POINT (105.6047678791856 20.20199843014444),3.0
1673,POINT (105.5320800195576 20.29154980061938),3.0
1674,POINT (105.4396051313066 20.36504111248271),3.0
1675,POINT (105.5212967553954 20.29667038302898),3.0
1676,POINT (105.6010403832978 20.20656474394765),3.0
1677,POINT (105.6066803285818 20.18823133939609),3.0
1678,POINT (105.6374498072552 20.15666956274626),3.0
1679,POINT (105.5991084848161 20.20893624291994),3.0
1680,POINT (105.5832940521319 20.21972025806633),3.0
1681,POINT (105.6008694992379 20.20690521747484),3.0
1682,POINT (105.603148171383 20.20387931646321),3.0
1683,POINT (105.604896532124 20.19624727944456),3.0
1684,POINT (105.5985120898417 20.15629968471977),3.0
1685,POINT (105.6382918989205 20.16054107033583),3.0
1686,POINT (105.6312578671752 20.15947047946763),3.0
1687,POINT (105.4789887101179 20.35818651393472),3.0
1688,POINT (105.6007850204753 20.20707019115057),3.0
1689,POINT (105.621269718209 20.18168457802901),3.0
1690,POINT (105.6044817806663 20.19468869404465),3.0
1691,POINT (105.4778691952138 20.35940061983),3.0
1692,POINT (105.5839144314543 20.20740383455185),3.0
1693,POINT (105.5503678137611 20.25255284785652),3.0
1694,POINT (105.5143276430661 20.24607701483872),3.0
1695,POINT (105.6347113376453 20.14176194850975),3.0
1696,POINT (105.6202290360482 20.18169671110166),3.0
1697,POINT (105.6380692970634 20.1523999148029),3.0
1698,POINT (105.6212694653478 20.18168462744544),3.0
1699,POINT (105.602656500932 20.1892228901058),3.0
1700,POINT (105.5231583263578 20.29580525205822),3.0
1701,POINT (105.658477154342 20.13865601242979),3.0
1702,POINT (105.6179421165953 20.16279650101894),3.0
1703,POINT (105.5112772099843 20.26085165503964),3.0
1704,POINT (105.5179908124978 20.33287434072006),3.0
1705,POINT (105.6326730036278 20.15889500526833),3.0
1706,POINT (105.5142114083217 20.2460386920761),3.0
1707,POINT (105.6352409210363 20.1614281518465),3.0
1708,POINT (105.6396166017404 20.14209073103416),3.0
1709,POINT (105.5243701134877 20.29460307406133),3.0
1710,POINT (105.60535754132 20.19807731658703),3.0
1711,POINT (105.4338913356328 20.36373057912142),3.0
1712,POINT (105.6199980153196 20.16398341978264),3.0
1713,POINT (105.6017122304475 20.20573915094666),3.0
1714,POINT (105.4603931594374 20.36144997419198),3.0
1715,POINT (105.6238536015802 20.17584494464358),3.0
1716,POINT (105.6396028307376 20.14286220668375),3.0
1717,POINT (105.6215292558545 20.17611603315149),3.0
1718,POINT (105.5291996524271 20.24710991221013),3.0
1719,POINT (105.6052737143276 20.19760448746887),3.0
1720,POINT (105.4877652264578 20.35197345094727),3.0
1721,POINT (105.4408529460508 20.36533616688331),3.0
1722,POINT (105.4585624578206 20.36147032956205),3.0
1723,POINT (105.5107445783098 20.33558119425871),3.0
1724,POINT (105.6030751845581 20.20393819551626),3.0
1725,POINT (105.5836437130145 20.20770353402975),3.0
1726,POINT (105.6243615028698 20.17007786825426),3.0
1727,POINT (105.4548628553866 20.3633298106976),3.0
1728,POINT (105.4547990661512 20.36261929655662),3.0
1729,POINT (105.6328095454031 20.18848468944116),3.0
1730,POINT (105.4896872456972 20.34917595766525),3.0
1731,POINT (105.6332287781329 20.14561372718745),3.0
1732,POINT (105.6060161382465 20.18601875793137),3.0
1733,POINT (105.5235214642749 20.295499893378),3.0
1734,POINT (105.5702854056484 20.229399400106),3.0
1735,POINT (105.6051902774503 20.1972870325662),3.0
1736,POINT (105.4532288478022 20.36494706554768),3.0
1737,POINT (105.5751874870612 20.227757172905),3.0
1738,POINT (105.639490797366 20.16121829975063),3.0
1739,POINT (105.6347633570385 20.14353418800068),3.0
1740,POINT (105.5179474838262 20.33186585890113),3.0
1741,POINT (105.4894451624273 20.3512911979049),3.0
1742,POINT (105.4833445626493 20.35517068421317),3.0
1743,POINT (105.5834328590941 20.20799572628825),3.0
1744,POINT (105.6054166415907 20.19911596030526),3.0
1745,POINT (105.6318511833301 20.16219528506248),3.0
1746,POINT (105.6134099190202 20.17209401977849),3.0
1747,POINT (105.6687474219838 20.13200505653399),3.0
1748,POINT (105.6125939723583 20.17248768205217),3.0
1749,POINT (105.4584652287658 20.36137569239791),3.0
1750,POINT (105.4640447231057 20.3611887323524),3.0
1751,POINT (105.6058810255873 20.18857800001971),3.0
1752,POINT (105.5826317560124 20.20785014450123),3.0
1753,POINT (105.5112772233847 20.26085170958662),3.0
1754,POINT (105.5742124329844 20.22830819581838),3.0
1755,POINT (105.4461028993714 20.36423187102843),3.0
1756,POINT (105.6394907821035 20.16121786712365),3.0
1757,POINT (105.6675351645028 20.14119004040068),3.0
1758,POINT (105.6060161944162 20.1860187071428),3.0
1759,POINT (105.6438027554821 20.16406944421011),3.0
1760,POINT (105.5810547756361 20.20689817370607),3.0
1761,POINT (105.6060160579989 20.18601881436774),3.0
1762,POINT (105.6395874468062 20.14248690301321),3.0
1763,POINT (105.6055638625637 20.1993903457413),3.0
1764,POINT (105.5142114309631 20.2460387034056),3.0
1765,POINT (105.6151643358469 20.16069327394029),3.0
1766,POINT (105.6380691960819 20.15239996688963),3.0
1767,POINT (105.4540735232145 20.36460619428616),3.0
1768,POINT (105.6326880165221 20.15885442659901),3.0
1769,POINT (105.6383033582489 20.1605063090598),3.0
1770,POINT (105.5486085206059 20.25569143378693),3.0
1771,POINT (105.5289597757595 20.28768819644727),3.0
1772,POINT (105.4650449634549 20.36218260554692),3.0
1773,POINT (105.6184429338856 20.18184170608383),3.0
1774,POINT (105.6279403217211 20.17461539371347),3.0
1775,POINT (105.4819086136365 20.35666402601348),3.0
1776,POINT (105.5882806050169 20.20450007930518),3.0
1777,POINT (105.6022291579654 20.19098659088999),3.0
1778,POINT (105.6380692246958 20.15239994625127),3.0
1779,POINT (105.4912847765461 20.34895216106675),3.0
1780,POINT (105.6351953363366 20.15772048709649),3.0
1781,POINT (105.5343866860739 20.29073453197513),3.0
1782,POINT (105.6172967429999 20.18410149654939),3.0
1783,POINT (105.6212695055848 20.18168462217468),3.0
1784,POINT (105.5382036766842 20.27133857675664),3.0
1785,POINT (105.5064964318483 20.33829485446769),3.0
1786,POINT (105.5222654941539 20.26691568993744),3.0
1787,POINT (105.6025858007068 20.18807079886387),3.0
1788,POINT (105.5248296853673 20.32987794206313),3.0
1789,POINT (105.606680315055 20.18823136369863),3.0
1790,POINT (105.6394092031701 20.16171534770494),3.0
1791,POINT (105.6396165980345 20.14209069177882),3.0
1792,POINT (105.6199980715613 20.16398347484714),3.0
1793,POINT (105.6417990524535 20.16385457167839),3.0
1794,POINT (105.50345107569 20.34227595324288),3.0
1795,POINT (105.5243902871467 20.29464565092256),3.0
1796,POINT (105.5874251039677 20.20521465207829),3.0
1797,POINT (105.6060160955162 20.1860187804476),3.0
1798,POINT (105.4900245683991 20.34887067261457),3.0
1799,POINT (105.6448925828037 20.16492202130697),3.0
1800,POINT (105.6045226792596 20.19488301401929),3.0
1801,POINT (105.631851183677 20.16219528240797),3.0
1802,POINT (105.6047282599436 20.19559953469852),3.0
1803,POINT (105.6764571268706 20.2027992269723),3.0
1804,POINT (105.6763822088151 20.20241305521066),3.0
1805,POINT (105.6768005151606 20.19604755083307),3.0
1806,POINT (105.6839963830573 20.1874632995745),3.0
1807,POINT (105.6839964412087 20.18746327018963),3.0
1808,POINT (105.6764571529173 20.20279915981202),3.0
1809,POINT (105.6764570725299 20.20279930306853),3.0
1810,POINT (105.6764571579082 20.20279911837596),3.0
1811,POINT (105.6839963975386 20.18746328565957),3.0
1812,POINT (105.683996409758 20.18746327873747),3.0
